部門,カテゴリID,JANコード,商品名,特記事項,価格（税込）
医薬品・指定医薬部外品,栄養ドリンク,4987433120429,【第3類医薬品】正官庄高麗帝王液　50ml×3本+1本,,2904
医薬品・指定医薬部外品,栄養ドリンク,4987103048459,【第3類医薬品】ヘパリーゼドリンク50ml×3本,,638
医薬品・指定医薬部外品,栄養ドリンク,4987103048466,【第3類医薬品】ヘパリーゼドリンク50ml×10本,,1984
医薬品・指定医薬部外品,栄養ドリンク,4987103050018,【第2類医薬品】ヘパリーゼHiプラス50ml×3本,,784
医薬品・指定医薬部外品,栄養ドリンク,4987316029450,【第2類医薬品】スパークユンケル　50ml×10本,,1264
医薬品・指定医薬部外品,栄養ドリンク,4987156003320,【第3類医薬品】グロンファイターW-ゼロ　100ml×10本,,638
医薬品・指定医薬部外品,栄養ドリンク,4987156003337,【第3類医薬品】グロンファイターW-ZERO 100ml×50本,,3024
医薬品・指定医薬部外品,栄養ドリンク,4987156003344,【第3類医薬品】グロンファイターW-ZERO　100mL×3本,,222
医薬品・指定医薬部外品,栄養ドリンク,4987156003443,【第2類医薬品】 グロンファイター3000GX (100mL×10本),,638
医薬品・指定医薬部外品,栄養ドリンク,4987156003450,【第2類医薬品】グロンファイター3000GX (100mL×50本),,3024
医薬品・指定医薬部外品,栄養ドリンク,4987156003467,【第2類医薬品】 グロンファイター3000GX (100mL×3本 ),,222
医薬品・指定医薬部外品,栄養ドリンク,4987156003498,【第2類医薬品】グロンファイター5000(100mL×10本),,784
医薬品・指定医薬部外品,栄養ドリンク,4987156003504,【第2類医薬品】グロンファイター5000(100mL×50本),,3744
医薬品・指定医薬部外品,栄養ドリンク,4987156901718,【指定医薬部外品】グロンファイターV　50ml×10本,,1024
医薬品・指定医薬部外品,栄養ドリンク,4987156901725,【指定医薬部外品】グロンファイターV 50ml×50本,,4384
医薬品・指定医薬部外品,栄養ドリンク,4961420014533,オリヂンPゴールド内服液 30ml×3本,,3600
医薬品・指定医薬部外品,栄養ドリンク,4961420014557,【第2類医薬品】オリヂンP内服液 30ml×3本,,2880
医薬品・指定医薬部外品,栄養ドリンク,4961420114523,【第2類医薬品】オリヂンPゴールド内服液 30ml×10本,,11200
医薬品・指定医薬部外品,栄養ドリンク,4961420114530,【第2類医薬品】オリヂンPゴールド内服液 30ml×15本,,16000
医薬品・指定医薬部外品,栄養ドリンク,4961420114547,【第2類医薬品】オリヂンP内服液 30ml×10本,,8800
医薬品・指定医薬部外品,栄養ドリンク,4961420114554,【第2類医薬品】オリヂンP内服液 30ml×15本,,12400
医薬品・指定医薬部外品,栄養ドリンク,4987156901541,【指定医薬部外品】グロンファイターゴールド　50ml×10本,店頭在庫限り,784
医薬品・指定医薬部外品,栄養ドリンク,4987156901558,【指定医薬部外品】グロンファイターゴールド 50ml×50本,店頭在庫限り,3744
医薬品・指定医薬部外品,栄養ドリンク,4987156901565,【指定医薬部外品】グロンファイターゴールド　50mL×3本,店頭在庫限り,238
医薬品・指定医薬部外品,栄養ドリンク,4987156901688,【指定医薬部外品】グロンファイター1000Gオフ　100ml×10本,店頭在庫限り,318
医薬品・指定医薬部外品,栄養ドリンク,4987156901695,【指定医薬部外品】グロンファイター　1000G　オフ　100ml×50本,店頭在庫限り,1512
医薬品・指定医薬部外品,ビタミン剤,4987028120315,【第2類医薬品】チョコラAD　50カプセル,,1024
医薬品・指定医薬部外品,ビタミン剤,4987028146605,【第3類医薬品】ナボリンS40錠,,2330
医薬品・指定医薬部外品,ビタミン剤,4987028146643,【第3類医薬品】ナボリンS180錠,,7359
医薬品・指定医薬部外品,ビタミン剤,4987028147008,【第3類医薬品】ナボリンS90錠,,3960
医薬品・指定医薬部外品,ビタミン剤,4987299223425,【第3類】ヒロタミンEX 240錠,,1515
医薬品・指定医薬部外品,ビタミン剤,4987299223869,【第3類医薬品】ヒロタミンEXゴールド 275錠,,2470
医薬品・指定医薬部外品,ビタミン剤,4987299229328,【第3類医薬品】オール薬品　ヒロタミンC錠カルシウム　330錠,,747
医薬品・指定医薬部外品,ビタミン剤,4987103049333,コンドロイチンZS錠 180錠,,4928
医薬品・指定医薬部外品,ビタミン剤,4987103049340,コンドロイチンZS錠 270錠,,6604
医薬品・指定医薬部外品,ビタミン剤,4987087042283,【第3類医薬品】シオノギLCホワイト錠　210錠,,1424
医薬品・指定医薬部外品,ビタミン剤,4987904100431,【第3類医薬品】ラフネクアHa　40錠,,784
医薬品・指定医薬部外品,ビタミン剤,4987904100448,【第3類医薬品】ラフネクアHa　150錠,,2384
医薬品・指定医薬部外品,ビタミン剤,4987316006208,【第2類医薬品】エミネトン80錠,,1424
医薬品・指定医薬部外品,ビタミン剤,4987316006215,エミネトン 200錠,,3184
医薬品・指定医薬部外品,ビタミン剤,4987316028996,ユンケル1･6･12EX 150錠,,3801
医薬品・指定医薬部外品,ビタミン剤,4987316033730,【第3類医薬品】レバウルソc　24錠,,784
医薬品・指定医薬部外品,ビタミン剤,4987316033747,【第3類医薬品】レバウルソc　192錠,,3184
医薬品・指定医薬部外品,ビタミン剤,4961420014564,【第2類医薬品】オリヂンP糖衣錠 60錠,,1744
医薬品・指定医薬部外品,ビタミン剤,4961420014571,【第2類医薬品】オリヂンP糖衣錠 240錠,,6384
医薬品・指定医薬部外品,ビタミン剤,4987307500494,ルシーゼBBプラスPC　NEO 280錠,,1338
医薬品・指定医薬部外品,ビタミン剤,4977168050726,【第3類医薬品】備前化成　トコスタシーエース EC2000  2g×80包,,1424
医薬品・指定医薬部外品,ビタミン剤,4968250275110,キヨーレオピンw　60ml　【第3類医薬品】,,2640
医薬品・指定医薬部外品,ビタミン剤,4968250275219,キヨーレオピンw 60ml×2本 【第3類医薬品】,,4840
医薬品・指定医薬部外品,ビタミン剤,4968250275318,キヨーレオピンW　60ml×2本×2【第3類医薬品】,,8536
医薬品・指定医薬部外品,ビタミン剤,4968250296115,【第3類医薬品】レオピンファイブwCOS　60mL,,5280
医薬品・指定医薬部外品,ビタミン剤,4968250296214,【第3類医薬品】レオピンファイブwCOS　120mL,,9680
医薬品・指定医薬部外品,ビタミン剤,2010503000177,【第3類医薬品】レオピンファイブwCOS　60mL 2本×2,,17072
医薬品・指定医薬部外品,ビタミン剤,4968250296313,レオピンファイブw　COS 60ml×4本,,17072
医薬品・指定医薬部外品,ビタミン剤,4987060005526,【第3類医薬品】杏林製薬 ナチュレアE300　240カプセル,店頭在庫限り,3984
医薬品・指定医薬部外品,ビタミン剤,4987037831011,オリザファインE 240CP,店頭在庫限り,3984
医薬品・指定医薬部外品,漢方薬・生薬,4987040053707,【第2類医薬品】葛根湯満量顆粒24包,,1184
医薬品・指定医薬部外品,漢方薬・生薬,4987067825806,【第2類医薬品】麻黄湯　　顆粒　　10包,,1024
医薬品・指定医薬部外品,漢方薬・生薬,4987327069599,【第2類医薬品】麻黄附子細辛湯 (サンワロンM) 45錠,,1264
医薬品・指定医薬部外品,漢方薬・生薬,4987457097912,【第2類医薬品】参蘇飲　12包,,1036
医薬品・指定医薬部外品,漢方薬・生薬,4987457100889,【第2類医薬品】柴胡桂枝湯 2g×15包,,1024
医薬品・指定医薬部外品,漢方薬・生薬,4987457100919,【第2類医薬品】駆風解毒散 2g×15包,,1024
医薬品・指定医薬部外品,漢方薬・生薬,4987457101411,【第2類医薬品】銀翹解毒散　15包,,1264
医薬品・指定医薬部外品,漢方薬・生薬,4987304001413,【第2類医薬品】葛根湯エキス顆粒〔大峰〕,,704
医薬品・指定医薬部外品,漢方薬・生薬,4975979203348,【第2類医薬品】トピック葛根湯内服液　30ml×3本,,293
医薬品・指定医薬部外品,漢方薬・生薬,4975979203386,【第2類医薬品】トピック葛根湯内服液　45ml×2本,,305
医薬品・指定医薬部外品,漢方薬・生薬,4987768001103,【第2類医薬品】葛根湯エキス[顆粒]S　12包,,318
医薬品・指定医薬部外品,漢方薬・生薬,4987045129247,【第2類医薬品】新ベルエムピK　100錠,,1592
医薬品・指定医薬部外品,漢方薬・生薬,4987045129261,【第2類医薬品】新ベルエムピL 　84錠,,1592
医薬品・指定医薬部外品,漢方薬・生薬,4987045129278,【第2類医薬品】ベルエムピL　192錠,,3112
医薬品・指定医薬部外品,漢方薬・生薬,4987067245802,【第2類医薬品】小粒タウロミン 200錠,,1126
医薬品・指定医薬部外品,漢方薬・生薬,4987067245901,【第2類医薬品】小粒タウロミン 630錠,,2464
医薬品・指定医薬部外品,漢方薬・生薬,4987304019340,※在庫限り【第2類医薬品】小青竜湯分包エキス顆粒〔大峰〕　30包,,657
医薬品・指定医薬部外品,漢方薬・生薬,4987457100841,【第2類医薬品】柴朴湯 2g×15包,,1024
医薬品・指定医薬部外品,漢方薬・生薬,4987457100896,【第2類医薬品】麦門冬湯 2g×15包,,1024
医薬品・指定医薬部外品,漢方薬・生薬,4987457101251,【第2類医薬品】響声破笛丸料エキス〔細粒〕 12包,,1184
医薬品・指定医薬部外品,漢方薬・生薬,4987438063790,【第2類医薬品】ジェーピーエス製薬　神農麦門冬湯エキス錠　60錠,,1264
医薬品・指定医薬部外品,漢方薬・生薬,4987438064810,【第2類医薬品】麻杏甘石湯エキス錠　60錠,,1424
医薬品・指定医薬部外品,漢方薬・生薬,4987301157502,【第2類医薬品】清上ケン痛湯エキス細粒G 18包,,1900
医薬品・指定医薬部外品,漢方薬・生薬,4987359201202,【第2類医薬品】ウチダの麻子仁丸 45g,,1584
医薬品・指定医薬部外品,漢方薬・生薬,4987359251214,【第2類医薬品】原末・牛車腎気丸　168g,,3184
医薬品・指定医薬部外品,漢方薬・生薬,4987076405365,防風通聖散ゴールドZ 450錠,,4784
医薬品・指定医薬部外品,漢方薬・生薬,4987045050169,【第2類医薬品】　漢方セラピー　半夏厚朴湯　24包,,1760
医薬品・指定医薬部外品,漢方薬・生薬,4987045100338,【第2類医薬品】　コッコアポEX錠　312錠,,3243
医薬品・指定医薬部外品,漢方薬・生薬,4987045100352,【第2類医薬品】　コッコアポG錠　312錠,,3243
医薬品・指定医薬部外品,漢方薬・生薬,4987045100376,【第2類医薬品】　コッコアポL錠　312錠,,3243
医薬品・指定医薬部外品,漢方薬・生薬,4987045100390,【第2類医薬品】　当帰芍薬散錠　288錠,,3243
医薬品・指定医薬部外品,漢方薬・生薬,4987045109676,【第2類医薬品】クラシエ八味地黄丸A　360錠,,3192
医薬品・指定医薬部外品,漢方薬・生薬,4987340020492,【第2類医薬品】ネオレバルミン錠 168錠,,2384
医薬品・指定医薬部外品,漢方薬・生薬,4987327071592,【第2類医薬品】真武湯　錠剤　45錠,,1264
医薬品・指定医薬部外品,漢方薬・生薬,4987457101107,【第2類医薬品】五苓散 2g×15包,,1184
医薬品・指定医薬部外品,漢方薬・生薬,4987457101794,【第2類医薬品】五淋散料エキス〔細粒〕80 2g×15包,,1184
医薬品・指定医薬部外品,漢方薬・生薬,4987457101916,【第2類医薬品】キュウ帰調血飲第一加減　60包,,3184
医薬品・指定医薬部外品,漢方薬・生薬,4987457101978,白虎加人参湯 15包,,1184
医薬品・指定医薬部外品,漢方薬・生薬,4987117670417,【第2類医薬品】扁鵲　60包,,3184
医薬品・指定医薬部外品,漢方薬・生薬,4987076314544,【第2類医薬品】 阪本漢法 の 芍薬甘草湯 錠  84錠,,1184
医薬品・指定医薬部外品,漢方薬・生薬,4987438015676,排膿散エキス錠　63錠【第2類医薬品】,,1024
医薬品・指定医薬部外品,漢方薬・生薬,4987076627415,【第2類医薬品】阪本漢法の防風通聖散錠ゴールド 420錠,店頭在庫限り,4784
医薬品・指定医薬部外品,漢方薬・生薬,4987067245703,【第2類医薬品】麻黄湯 30mL×3,店頭在庫限り,784
医薬品・指定医薬部外品,漢方薬・生薬,4987067245208,コルゲン　麻黄湯 30ml×3本,店頭在庫限り,784
医薬品・指定医薬部外品,漢方薬・生薬,4987117234619,大鵬かぜ内服液銀翹散  30ml×3包　【第2類医薬品】,店頭在庫限り,784
医薬品・指定医薬部外品,漢方薬・生薬,4987768003046,【第2類医薬品】[満量処方]麻黄湯エキス顆粒A　12包,店頭在庫限り,784
医薬品・指定医薬部外品,漢方薬・生薬,4987087039146,【第2類医薬品】シオノギ胃腸薬K細粒　32包,店頭在庫限り,1104
医薬品・指定医薬部外品,漢方薬・生薬,4954097703329,【第2類医薬品】赤玉はら薬N　6包,店頭在庫限り,558
医薬品・指定医薬部外品,目薬,4903301290360,【第2類医薬品】スマイル40　メディクリアDX　15ml,,1320
医薬品・指定医薬部外品,目薬,4903301290377,【第2類医薬品】スマイル40　プレミアムDX　15ml,,1320
医薬品・指定医薬部外品,目薬,4903301311768,【第3類医薬品】スマイル　ザメディカルA DX  15ml,,1320
医薬品・指定医薬部外品,目薬,4903301311775,【第3類医薬品】スマイル　ザメディカルA DX コンタクト 15ml,,1320
医薬品・指定医薬部外品,目薬,4987241127702,【第2類医薬品】アルガードクリアブロックEX　13ML,,1300
医薬品・指定医薬部外品,目薬,4987241129270,【第3類医薬品】ロートV7洗眼薬　500ml,,784
医薬品・指定医薬部外品,目薬,4987241134731,【第2類医薬品】アルガードクリアマイルドEX　13ML,,1300
医薬品・指定医薬部外品,目薬,4987241144396,【第2類医薬品】ロートアルガードクリアブロックZ　13ml,,1584
医薬品・指定医薬部外品,目薬,4987241144402,【第2類医薬品】ロートアルガードクリアマイルドZ　13ml,,1584
医薬品・指定医薬部外品,目薬,4987241149513,【第2類医薬品】Vロートプレミアム 15ml,,1320
医薬品・指定医薬部外品,目薬,4987241154982,【第3類医薬品】新ロート V40EX,,784
医薬品・指定医薬部外品,目薬,4987241154999,【第2類医薬品】Vロート アクティブプレミアム　15ml,,1320
医薬品・指定医薬部外品,目薬,4987241161720,【第3類医薬品】Vロートドライアイプレミアム 15ml,,1320
医薬品・指定医薬部外品,目薬,4987241164622,【第2類医薬品】ロートアルガードクリニカルショット　13ml,,1936
医薬品・指定医薬部外品,目薬,4987241164639,【第2類医薬品】ロートアルガードクリニカルショットm　13ml,,1936
医薬品・指定医薬部外品,目薬,4987241167326,【第3類医薬品】Vロートコンタクトプレミアム 15ml,,1320
医薬品・指定医薬部外品,目薬,4987084304827,【第2類医薬品】サンテメディカル抗菌　0.3ml×20本,,1302
医薬品・指定医薬部外品,目薬,4987084306005,【第3類医薬品】ソフトサンティアひとみストレッチ　5ml×2本,,598
医薬品・指定医薬部外品,目薬,4987084410207,【第2類医薬品】サンテメディカルガードEX_  12mL,,1302
医薬品・指定医薬部外品,目薬,4987084410276,【第2類医薬品】サンテメディカル12 _12mL,,1302
医薬品・指定医薬部外品,目薬,4987084410290,サンテメディカルアクティブ　12mL 　【第2類医薬品】,,1302
医薬品・指定医薬部外品,目薬,4987084411280,【第3類医薬品】サンテ40ゴールド 12mL,,478
医薬品・指定医薬部外品,目薬,4987084416919,【第3類医薬品】ソフトサンティアひとみストレッチ　5ml×4,,1056
医薬品・指定医薬部外品,目薬,4987084418425,【第2類医薬品】サンテアスティ 15ml,,704
医薬品・指定医薬部外品,目薬,4987084418432,【第2類医薬品】サンテアスティ抗菌　12ml,,704
医薬品・指定医薬部外品,目薬,4987084418470,【第2類医薬品】サンテアスティクール 12mL,,478
医薬品・指定医薬部外品,目薬,4987154601641,【第2類医薬品】アイダムALクール 15ml,店頭在庫限り,278
医薬品・指定医薬部外品,胃腸薬,4955982006815,【第2類医薬品】恵命我神散S 68包,,3168
医薬品・指定医薬部外品,胃腸薬,4955982012007,【第2類医薬品】恵命我神散S　20包,,1144
医薬品・指定医薬部外品,胃腸薬,4955982022006,【第2類医薬品】恵命我神散S　40包,,2024
医薬品・指定医薬部外品,胃腸薬,4955982058029,【第2類医薬品】恵命我神散S　120包,,5280
医薬品・指定医薬部外品,胃腸薬,4987028114284,【第2類医薬品】 セルベール整胃錠21錠,,760
医薬品・指定医薬部外品,胃腸薬,4987028114758,【第2類医薬品】　新セルベール整胃プレミアム　<細粒>　12包,,880
医薬品・指定医薬部外品,胃腸薬,4987028114765,【第2類医薬品】　新セルベール整胃プレミアム　<細粒>　24包,,1716
医薬品・指定医薬部外品,胃腸薬,4987028114918,【第2類医薬品】　新セルベール整胃プレミアム　<錠>　18錠,,836
医薬品・指定医薬部外品,胃腸薬,4987028114925,【第2類医薬品】　新セルベール整胃プレミアム　<錠>　36錠,,1584
医薬品・指定医薬部外品,胃腸薬,4987028114963,【第2類医薬品】　新セルベール整胃プレミアム　<錠>　72錠,,2376
医薬品・指定医薬部外品,胃腸薬,4987300037003,【第2類医薬品】ガストール細粒　10包,,798
医薬品・指定医薬部外品,胃腸薬,4987300037010,【第2類医薬品】ガストール細粒　20包,,1424
医薬品・指定医薬部外品,胃腸薬,4987300037508,【第2類医薬品】ガストール錠　30錠,,798
医薬品・指定医薬部外品,胃腸薬,4987300037515,【第2類医薬品】ガストール錠　60錠,,1424
医薬品・指定医薬部外品,胃腸薬,4987241138982,【第2類医薬品】パンシロンキュアSP錠 30錠,,798
医薬品・指定医薬部外品,胃腸薬,4987241139453,【第2類医薬品】パンシロンキュアSP 12包,,798
医薬品・指定医薬部外品,胃腸薬,4987241139460,【第2類医薬品】パンシロンキュアSP 30包,,1584
医薬品・指定医薬部外品,胃腸薬,4987087039139,【第2類医薬品】シオノギ胃腸薬K細粒　16包,,638
医薬品・指定医薬部外品,胃腸薬,4987904100264,【第3類医薬品】ベリチーム酵素　27包,,1970
医薬品・指定医薬部外品,胃腸薬,4987307120128,【第3類医薬品】スートック胃腸内服液 30mL×2本入,,238
医薬品・指定医薬部外品,胃腸薬,4987926025972,【第3類医薬品】ニッスイガロール　550錠,,1584
医薬品・指定医薬部外品,胃腸薬,4987438011340,【第2類医薬品】SB-CM五苓黄解内服液　30ML×2本,,718
医薬品・指定医薬部外品,胃腸薬,4562378460177,【第2類医薬品】サイキョーファーマ　漢方胃腸薬「SP」(細粒)　50包,,920
医薬品・指定医薬部外品,胃腸薬,4987457053918,【第2類医薬品】半夏瀉心湯　エキス　〔細粒〕　53 2g×12包,,1184
医薬品・指定医薬部外品,整腸剤,4987312133977,【指定医薬部外品】強ミヤリサン錠 330錠,,1584
医薬品・指定医薬部外品,整腸剤,4954391104563,【指定医薬部外品】アフィーゼビオS錠　360錠,,808
医薬品・指定医薬部外品,便秘薬・浣腸,4987076405273,【第2類医薬品】阪本漢方　漢方便秘薬　<大黄甘草湯>　240錠,,1002
医薬品・指定医薬部外品,便秘薬・浣腸,4987300051511,【指定第2類医薬品】スルーラックプラス　110錠,,1264
医薬品・指定医薬部外品,便秘薬・浣腸,4987103049609,【指定2類医薬品】新ウィズワン84包,,3916
医薬品・指定医薬部外品,便秘薬・浣腸,4968760901493,【第3類医薬品】3Aアクアマグ　150錠,,1136
医薬品・指定医薬部外品,便秘薬・浣腸,4987286303208,【第2類医薬品】ケンエー浣腸　30g×10個,,318
医薬品・指定医薬部外品,便秘薬・浣腸,4987286307343,【第2類医薬品】ケンエー浣腸S40　40g×10個,,398
医薬品・指定医薬部外品,便秘薬・浣腸,4987316024912,【第2類医薬品】ピコラックス　100錠,,1104
医薬品・指定医薬部外品,便秘薬・浣腸,4975979380223,【第2類医薬品】カイラックス 400錠,,638
医薬品・指定医薬部外品,下痢止め,4987343100511,【第2類医薬品】 皇漢堂製薬 下痢止め錠 クニヒロ　12錠,,398
医薬品・指定医薬部外品,下痢止め,4987316034003,【指定第2類医薬品】ロペラマックサット　6錠,,784
医薬品・指定医薬部外品,下痢止め,4951079035089,【第2類医薬品】正露丸糖衣「キョクトウ」36錠,,382
医薬品・指定医薬部外品,下痢止め,4951079035096,【第2類医薬品】正露丸糖衣「キョクトウ」　72錠,,747
医薬品・指定医薬部外品,下痢止め,4951079035911,【第2類医薬品】正露丸　130粒,,383
医薬品・指定医薬部外品,下痢止め,4951079035928,【第2類医薬品】正露丸　550粒,,1014
医薬品・指定医薬部外品,肩こり・腰痛・筋肉痛,4535653001112,【第2類医薬品】レボルタFXローション　100ml,,784
医薬品・指定医薬部外品,肩こり・腰痛・筋肉痛,4987475118514,【第3類医薬品】アウチレスEα　140枚,,508
医薬品・指定医薬部外品,肩こり・腰痛・筋肉痛,4987475119245,ロキエフェクトLXテープ,,1118
医薬品・指定医薬部外品,肩こり・腰痛・筋肉痛,4987475119252,ロキエフェクトLXテープ大判,,1118
医薬品・指定医薬部外品,肩こり・腰痛・筋肉痛,4987475119269,ロキエフェクトLX　ゲル　25g,,862
医薬品・指定医薬部外品,肩こり・腰痛・筋肉痛,4987475119276,ロキエフェクトLX　ローション 25g,,862
医薬品・指定医薬部外品,肩こり・腰痛・筋肉痛,4987475119382,アウチレス温膏　168枚,,397
医薬品・指定医薬部外品,肩こり・腰痛・筋肉痛,4956622110381,【第3類医薬品】サリラベートDX　100ml,,286
医薬品・指定医薬部外品,肩こり・腰痛・筋肉痛,4956622110411,【第2類医薬品】ウインブルダンIDゲルDXクール　80g,,782
医薬品・指定医薬部外品,肩こり・腰痛・筋肉痛,4956622110428,【第2類医薬品】ウィンブルダンIDローションDXクール　100ml,,781
医薬品・指定医薬部外品,肩こり・腰痛・筋肉痛,4987373076275,【第3類医薬品】ピタフィット　24枚,,638
医薬品・指定医薬部外品,肩こり・腰痛・筋肉痛,4987373078293,【第2類医薬品】レボルタID　32枚,,718
医薬品・指定医薬部外品,肩こり・腰痛・筋肉痛,4987373078910,【第3類医薬品】　レボルタ温感　24枚,,638
医薬品・指定医薬部外品,肩こり・腰痛・筋肉痛,4987373080555,レボルタFXテープ 48枚,,1904
医薬品・指定医薬部外品,肩こり・腰痛・筋肉痛,4987188123867,【第2類医薬品】フェイタスZαジクサス温感　14枚,,1496
医薬品・指定医薬部外品,肩こり・腰痛・筋肉痛,4987316032979,【指定第2類医薬品】ルミフェン　6錠,,862
医薬品・指定医薬部外品,肩こり・腰痛・筋肉痛,4987316093918,【第2類医薬品】　サロメチール ジクロローション100ml,,1584
医薬品・指定医薬部外品,肩こり・腰痛・筋肉痛,4987316094076,【第2類医薬品】サロメチールジクロゲル　40g,,1264
医薬品・指定医薬部外品,肩こり・腰痛・筋肉痛,4987235022556,【第2類医薬品】祐徳薬品　パスタイムZXクリーム　30g,,944
医薬品・指定医薬部外品,肩こり・腰痛・筋肉痛,4987235022587,【第2類医薬品】祐徳薬品　パスタイムZX　7枚,,784
医薬品・指定医薬部外品,肩こり・腰痛・筋肉痛,4987235022594,【第2類医薬品】パスタイムZX　14枚,,1344
医薬品・指定医薬部外品,肩こり・腰痛・筋肉痛,4987235022600,【第2類医薬品】パスタイムZX　21枚,,1744
医薬品・指定医薬部外品,肩こり・腰痛・筋肉痛,4987235022631,【第2類医薬品】パスタイムZX-L　7枚,,1344
医薬品・指定医薬部外品,肩こり・腰痛・筋肉痛,4987235022662,【第2類医薬品】パスタイムZXローション　50ml,,1184
医薬品・指定医薬部外品,肩こり・腰痛・筋肉痛,4987438072020,【第2類医薬品】ジェーピーエス製薬　JPS漢方顆粒-20号芍薬甘草湯　12包,,1024
医薬品・指定医薬部外品,肩こり・腰痛・筋肉痛,4987487103447,【第3類医薬品】　GS　リフェンダU  28枚×2,,656
医薬品・指定医薬部外品,肩こり・腰痛・筋肉痛,4987475119238,ロキエフェクトLXテープ,店頭在庫限り,702
医薬品・指定医薬部外品,風邪薬,4987067282005,【指定2類医薬品】コルゲンIB透明カプセルαプラス　24カプセル,,1424
医薬品・指定医薬部外品,風邪薬,4987067825608,【指定第2類医薬品】コルゲンコーワIB2　16カプセル,,1304
医薬品・指定医薬部外品,風邪薬,4987316014524,【指定第2類医薬品】ストナジェル　NS　24カプセル,,1264
医薬品・指定医薬部外品,風邪薬,4987316014647,【指定第2類医薬品】ストナプラスジェル2　24カプセル,,1024
医薬品・指定医薬部外品,風邪薬,4987336766496,【指定第2類医薬品】ヒストミンKB錠　100錠,,565
医薬品・指定医薬部外品,風邪薬,4954391105256,【指定第2類医薬品】新アスロンエースA微粒　44包,,720
医薬品・指定医薬部外品,風邪薬,4954391105775,アスロンSα 135錠,,714
医薬品・指定医薬部外品,風邪薬,4954391105263,カイダーSα 130錠,店頭在庫限り,706
医薬品・指定医薬部外品,せき・たん,4987060007865,クールワン咳止めGX 24錠,,1024
医薬品・指定医薬部外品,せき・たん,4987060007858,【第2類医薬品】杏林製薬 クールワン 去たんソフトカプセル　24カプセル,,1024
医薬品・指定医薬部外品,せき・たん,4987067236800,【第2類医薬品】コルゲンせき止め液PLUS　120ml,,750
医薬品・指定医薬部外品,せき・たん,4987286317472,ケンエートローチAZ,,478
医薬品・指定医薬部外品,せき・たん,4987316031002,【第3類医薬品】ラリンゴール　20ml,,638
医薬品・指定医薬部外品,せき・たん,4987316031026,【第3類医薬品】ラリンゴール　40ml,,1024
医薬品・指定医薬部外品,せき・たん,4975979100227,【第2類医薬品】セキトローチ　24錠,,478
医薬品・指定医薬部外品,せき・たん,4987469061505,【第3類医薬品】コフピタうがい薬　130ml,,329
医薬品・指定医薬部外品,せき・たん,4987469061710,【第3類医薬品】コフピタうがい薬　300ml,,534
医薬品・指定医薬部外品,せき・たん,4987469542462,コフピタのどスプレー　30ml　【第3類医薬品】,,398
医薬品・指定医薬部外品,せき・たん,4987060007841,【第2類医薬品】クールワンせき止めGX　18錠,店頭在庫限り,864
医薬品・指定医薬部外品,のど・口中・はみがき,4987438016017,【第2類医薬品】JPS駆風解毒湯液　3本,,784
医薬品・指定医薬部外品,のど・口中・はみがき,4987138489029,【第2類医薬品】ツムラ漢方トローチ桔梗湯　18錠,,478
医薬品・指定医薬部外品,のど・口中・はみがき,4987286316727,【第3類医薬品】健栄製薬　うすめず使えるうがい薬　540ml,,478
医薬品・指定医薬部外品,のど・口中・はみがき,4987469543032,【第3類医薬品】クーペACのどスプレー　30ml,,638
医薬品・指定医薬部外品,のど・口中・はみがき,4987107626769,【指定第2類医薬品】トラフルダイレクトa　12枚,,1056
医薬品・指定医薬部外品,のど・口中・はみがき,4903301136385,【第3類医薬品】デントヘルスR　40g,,1344
医薬品・指定医薬部外品,のど・口中・はみがき,4903301136392,【第3類医薬品】デントヘルスR　20g,,784
医薬品・指定医薬部外品,のど・口中・はみがき,4903301136859,【第3類医薬品】デントヘルスB　90g,,1424
医薬品・指定医薬部外品,のど・口中・はみがき,4903301137559,【第3類医薬品】デントヘルスB　45g,,784
医薬品・指定医薬部外品,のど・口中・はみがき,4987316003160,【第3類医薬品】　アセスE　60g,,784
医薬品・指定医薬部外品,のど・口中・はみがき,4987316003580,【第3類医薬品】　アセス　120g,,1112
医薬品・指定医薬部外品,のど・口中・はみがき,4987316003597,【第3類医薬品】　アセス　160g,,1424
医薬品・指定医薬部外品,のど・口中・はみがき,4987316003610,【第3類医薬品】　アセスL　120g,,1112
医薬品・指定医薬部外品,のど・口中・はみがき,4987316003627,【第3類医薬品】　アセスL　160g,,1424
医薬品・指定医薬部外品,のど・口中・はみがき,4987103050506,通喉潤液 150ml,店頭在庫限り,1584
医薬品・指定医薬部外品,こどものくすり,4987316014715,【第2類医薬品】ストナシロップA小児用(新)　120ml,,784
医薬品・指定医薬部外品,こどものくすり,4987305322210,【第2類医薬品】リコリス「ゼンヤク」小児用　20mL　3本,,864
医薬品・指定医薬部外品,こどものくすり,4987307020671,【第2類医薬品】新小児用ユリアンシロップ30ml,,158
医薬品・指定医薬部外品,こどものくすり,4987469170047,【指定第2類医薬品】コフチールこどもかぜシロップ  100ml,,551
医薬品・指定医薬部外品,こどものくすり,4987469170122,【指定第2類医薬品】コフチールこどもせきどめシロップ 100ml,,558
医薬品・指定医薬部外品,こどものくすり,4987469237306,コフチールこども鼻炎シロップS　100ml　【指定第2類医薬品】,,552
医薬品・指定医薬部外品,痛み止め・解熱,4580102230650,【指定第2医薬品】コナリスIPs　100錠,,446
医薬品・指定医薬部外品,痛み止め・解熱,4987316032573,【指定第2類医薬品】リングルアイビーα200,,1344
医薬品・指定医薬部外品,痛み止め・解熱,4987316032580,【指定第2類医薬品】リングルアイビー錠α200　12錠,,784
医薬品・指定医薬部外品,睡眠改善薬,4987343986016,【指定第2類医薬品】皇漢堂製薬 リポスミン 12錠,,638
医薬品・指定医薬部外品,乗物酔い止め,4987336759870,【第2類医薬品】小林薬品工業 ミドン錠　8錠,,398
医薬品・指定医薬部外品,乗物酔い止め,4987306028678,【第2類医薬品】センパアトラベル1 6錠,,638
医薬品・指定医薬部外品,乗物酔い止め,4987306028876,【第2類医薬品】センパアプチベリー 10錠,,398
医薬品・指定医薬部外品,乗物酔い止め,4987030110038,【第2類医薬品】 トリブラZ錠 6錠,,784
医薬品・指定医薬部外品,乗物酔い止め,4987030110045,【第2類医薬品】 トリブラZ液(ミント味) 30ML×2本,,638
医薬品・指定医薬部外品,眠気防止,4987239103121,【第3類医薬品】ハイエナル88内服液　30ml×2本,,398
医薬品・指定医薬部外品,皮膚薬,4987036132454,【第2類医薬品】メンターム　ペンソールH　70ml,,398
医薬品・指定医薬部外品,皮膚薬,4987036132874,【指定第2類医薬品】メンターム　ペンソールSP　75ml,,462
医薬品・指定医薬部外品,皮膚薬,4580102230667,【指定第2類医薬品】アプレインEX11液 40ml,,728
医薬品・指定医薬部外品,皮膚薬,4580102230674,【指定第2類医薬品】アプレインEX11ゲル 20g,,728
医薬品・指定医薬部外品,皮膚薬,4956622106711,【第2類医薬品】デリケーションクール　16g,,558
医薬品・指定医薬部外品,皮膚薬,4956622106971,【第3類医薬品】ノピカンテかゆみジェル　20g,,364
医薬品・指定医薬部外品,皮膚薬,49252088,【第2類医薬品】ドルマイシン軟膏　12g,,784
医薬品・指定医薬部外品,皮膚薬,4987103046349,【指定第2類医薬品】プレバリンα軟膏　15g,,1291
医薬品・指定医薬部外品,皮膚薬,4987103046370,【指定第2類医薬品】プレバリンαクリーム　15g,,1291
医薬品・指定医薬部外品,皮膚薬,4987103046943,【指定第2類医薬品】ドルマイコーチ軟膏　6g,,704
医薬品・指定医薬部外品,皮膚薬,4987353050004,【第3類医薬品】ユースキンラフレ20g,,478
医薬品・指定医薬部外品,皮膚薬,4987241148820,【第2類医薬品】　アクネス25　メディカルクリームc　16g,,1024
医薬品・指定医薬部外品,皮膚薬,4987241148851,【第2類医薬品】メンソレータム アクネス25 メディカルミストb　100ml,,1024
医薬品・指定医薬部外品,皮膚薬,4987067295609,【第3類医薬品】レスタミンパウダークリーム　　40g,,614
医薬品・指定医薬部外品,皮膚薬,4987316006123,【第2類医薬品】　エスカメル15g,,704
医薬品・指定医薬部外品,皮膚薬,4987074300938,【第2類医薬品】マーカムHPしっとりクリームEX 50g,,1104
医薬品・指定医薬部外品,皮膚薬,4987107608727,【第2類医薬品】クロマイN　軟膏 6g,,836
医薬品・指定医薬部外品,皮膚薬,4989183000228,【第2類医薬品】ペルミナースUF　20g,,1344
医薬品・指定医薬部外品,皮膚薬,4987286317168,【第2類医薬品】　ヒルマイルドローション　60ml,,1344
医薬品・指定医薬部外品,皮膚薬,4987286317175,【第2類医薬品】　ヒルマイルドクリーム　60g,,1344
医薬品・指定医薬部外品,皮膚薬,4987415027500,モアリップC　8g　【第3類医薬品】,,582
医薬品・指定医薬部外品,皮膚薬,4987241119912,メンソレータムAD20 乳液タイプ　120ml　【第3類医薬品】,,1024
医薬品・指定医薬部外品,皮膚薬,4987241140473,【第3類医薬品】メンソレータムヒビプロα　16g,,784
医薬品・指定医薬部外品,皮膚薬,4987241157068,メンソレータムAD20クリーム　【第3類医薬品】,,1024
医薬品・指定医薬部外品,皮膚薬,4987067209309,新ケラチナミン　20%尿素配合クリーム  85g　【第3類医薬品】,,784
医薬品・指定医薬部外品,皮膚薬,4987316061221,パスタロンM20%　100g　【第3類医薬品】,,784
医薬品・指定医薬部外品,皮膚薬,4979949001286,【指定第2類医薬品】コーチレンHD　30ml,店頭在庫限り,784
医薬品・指定医薬部外品,皮膚薬,4979949001415,【第2類医薬品】コーチレンDXスプレー7　30ml,店頭在庫限り,784
医薬品・指定医薬部外品,皮膚薬,4987074300051,【第2類医薬品】マーカムHPクリーム　50g,店頭在庫限り,784
医薬品・指定医薬部外品,皮膚薬,4987533012068,アスミンガードAZ 20錠,店頭在庫限り,638
医薬品・指定医薬部外品,皮膚薬,4987036162482,メンターム　U20クリーム　90g,店頭在庫限り,558
医薬品・指定医薬部外品,水虫,4956622110237,【指定第2類医薬品】コンプラックEX液 30ml,,1438
医薬品・指定医薬部外品,水虫,4956622110244,【指定第2類医薬品】コンプラックEXクリーム 25g,,1438
医薬品・指定医薬部外品,水虫,4511574000564,【第2類医薬品】ネクストLX液　30ml,,784
医薬品・指定医薬部外品,水虫,4511574000571,【第2類医薬品】ネクストLXクリーム　30g,,784
医薬品・指定医薬部外品,殺虫剤・虫よけ,4901080024619,ダニがホイホイ ダニ捕りシー,,840
医薬品・指定医薬部外品,殺虫剤・虫よけ,4901080033611,おすだけノーマット255日 無香,,784
医薬品・指定医薬部外品,殺虫剤・虫よけ,4901080034113,おすだけノーマット255日 バラ,,784
医薬品・指定医薬部外品,殺虫剤・虫よけ,4901080418715,【第2類医薬品】アースレッド プロα 6〜8畳用,,638
医薬品・指定医薬部外品,殺虫剤・虫よけ,4901080418722,【第2類医薬品】アースレッド プロα 6〜8畳用 3個パック,,1904
医薬品・指定医薬部外品,殺虫剤・虫よけ,4901080418814,【第2類医薬品】アースレッド プロα 12〜16畳用,,1024
医薬品・指定医薬部外品,殺虫剤・虫よけ,4901080418821,【第2類医薬品】アースレッド プロα 12〜16畳用 3個パック,,3024
医薬品・指定医薬部外品,殺虫剤・虫よけ,4901080421814,【第2類医薬品】ゴキジェットプロ 秒殺+まちぶせスプレー 450mL,,784
医薬品・指定医薬部外品,殺虫剤・虫よけ,4580543940088,レック　【第2類医薬品】 バルサンプロEX 6〜8畳用×3　(20g×3),,1904
医薬品・指定医薬部外品,殺虫剤・虫よけ,4580543940200,レック　【第2類医薬品】　バルサンプロEX　ノンスモーク霧タイプ　6〜10畳用×2　(46.5g×2),,1398
医薬品・指定医薬部外品,殺虫剤・虫よけ,4580543940217,レック　【第2類医薬品】バルサンプロEX　ノンスモーク霧タイプ　12〜20畳用,,1104
医薬品・指定医薬部外品,殺虫剤・虫よけ,4580543940224,レック　【第2類医薬品】バルサンプロEX　ノンスモーク霧タイプ　12〜20畳用×2　(93g×2 ),,2198
医薬品・指定医薬部外品,殺虫剤・虫よけ,4987115105782,【防除用医薬部外品】蚊がいなくなるスプレー250回×2個,店頭在庫限り,1504
医薬品・指定医薬部外品,殺虫剤・虫よけ,4987115105799,【防除用医薬部外品】蚊がいなくなるスプレー250回エレガントフローラルの香り×2個,店頭在庫限り,1504
医薬品・指定医薬部外品,殺虫剤・虫よけ,4987115598164,ｷﾝﾁｮｳｼﾞｪｯﾄ煙ﾀｲﾌﾟ6～8畳,店頭在庫限り,1184
医薬品・指定医薬部外品,殺虫剤・虫よけ,4987115598188,ｷﾝﾁｮｳｼﾞｪｯﾄ煙ﾀｲﾌﾟ12～16畳,店頭在庫限り,1904
医薬品・指定医薬部外品,キズ薬・キズ口消毒,4987241109135,メンソレータム　液体絆創膏b　10g,,558
医薬品・指定医薬部外品,手指消毒・器具消毒,4560438578718,薬用アルコールハンドジェル　500mL,,558
医薬品・指定医薬部外品,手指消毒・器具消毒,4987360200720,富山めぐみ製薬 リピノア 350ml,,478
医薬品・指定医薬部外品,手指消毒・器具消毒,4987360200850,富山めぐみ製薬 リピノアジェル 80ml,,318
医薬品・指定医薬部外品,その他の医薬品,4987307240604,【指定第2類医薬品】ラグエスA坐剤　30個,,1469
医薬品・指定医薬部外品,その他の医薬品,4987307240611,【指定第2類医薬品】ラグエスA軟膏　25g,,674
医薬品・指定医薬部外品,その他の医薬品,4997298000095,【第3類医薬品】ルミンA 100γ 120錠,,8360
医薬品・指定医薬部外品,その他の医薬品,4997298000293,【第3類医薬品】ルミンA 100γ 400錠,,24640
医薬品・指定医薬部外品,その他の医薬品,4961420071536,【第3類医薬品】ルミンA 50γ 60錠,,2992
医薬品・指定医薬部外品,その他の医薬品,4987316007786,【第3類医薬品】サトウ口内軟膏　8g,,638
医薬品・指定医薬部外品,その他の医薬品,4987469597035,【指定第2類医薬品】オルテクサー口腔用軟膏　5g,,704
医薬品・指定医薬部外品,くしゃみ・鼻水・鼻づまり,4979949000395,【第2類医薬品】点鼻スプレー　30ml,,331
医薬品・指定医薬部外品,くしゃみ・鼻水・鼻づまり,4987300060018,アレジオン20　12錠　【第2類医薬品】,,1742
医薬品・指定医薬部外品,くしゃみ・鼻水・鼻づまり,4987300060063,【第2類医薬品】アレジオン20　24錠,,3150
医薬品・指定医薬部外品,くしゃみ・鼻水・鼻づまり,4580102230643,【第2類医薬品】フェキソフェナジン錠エース　40錠,,1584
医薬品・指定医薬部外品,くしゃみ・鼻水・鼻づまり,4987188166031,【第2類医薬品】アレグラFX　14錠,,1156
医薬品・指定医薬部外品,くしゃみ・鼻水・鼻づまり,4987188166048,【第2類医薬品】アレグラFX　28錠,,1659
医薬品・指定医薬部外品,くしゃみ・鼻水・鼻づまり,4987188166055,【第1類医薬品】アレグラFX ジュニア　16錠,,1038
医薬品・指定医薬部外品,くしゃみ・鼻水・鼻づまり,4987188166062,【第2類医薬品】アレグラFX　56錠,,3080
医薬品・指定医薬部外品,くしゃみ・鼻水・鼻づまり,4987067259007,【指定2類医薬品】コルゲン鼻炎持続性カプセル60カプセル,,784
医薬品・指定医薬部外品,くしゃみ・鼻水・鼻づまり,4987316018744,【第2類医薬品】ナザールαAR 0.1%　10ml,,1518
医薬品・指定医薬部外品,くしゃみ・鼻水・鼻づまり,4987316018799,【指定第2類医薬品】ナザールαAR 0.1%C 10ml,,1518
医薬品・指定医薬部外品,くしゃみ・鼻水・鼻づまり,4987316019000,【第2類医薬品】ナシビンMスプレー　8ml,,1192
医薬品・指定医薬部外品,くしゃみ・鼻水・鼻づまり,4987299225634,【第2類】アレマンエース 24カプセル,店頭在庫限り,638
医療雑貨,測定器,4904785816565,タニタ　体組成計　　　　　　　　　　　　　　　　,,5584
医療雑貨,測定器,4975479405143,オムロン 低周波治療器 ホワイ トHV-F021-W,,5184
医療雑貨,測定器,4975479405990,オムロン自動血圧計スポットアームHEM-1000,,8640
医療雑貨,測定器,4975479409677,オムロン上腕血圧計HEM-8731,,7584
医療雑貨,測定器,4975479417030,オムロン　手首式血圧計　HEM-6230,,6384
医療雑貨,衛生用品,4987167085780,すやすやテープ,,558
医療雑貨,マスク,4987067325702,三次元マスク　ふつう 30枚,,864
医療雑貨,マスク,4987067325900,三次元マスク　小さめ 30枚,,864
医療雑貨,マスク,4901957212316,フィッティオメガプリーツマスク60枚,,704
医療雑貨,マスク,4901957214846,ﾌｨｯﾃｨ7DAYSﾏｽｸEXﾌﾟﾗｽ　ﾎﾜｲﾄ 大きめ　60枚,,1038
医療雑貨,マスク,4901957214853,フィッティ7DAYSマスクEXプラスホワイトふつうサイズ60枚入,,1038
医療雑貨,マスク,4901957214860,フィッティ7DAYSマスクEXプラスホワイト小さめサイズ60枚入,,1038
医療雑貨,マスク,4901957217694,サージカルマスクU　ホワイト 50枚,,1038
医療雑貨,マスク,4560309821820,CARELAGE不織布マスク　ふつう,店頭在庫限り,158
医療雑貨,マスク,4560309821837,CARELAGE不織布マスク　小さめ,店頭在庫限り,158
医療雑貨,マスク,4580101203860,リブふわマスク　ふつう 50枚,店頭在庫限り,598
医療雑貨,マスク,4580101203877,リブふわマスク　小さめ　50枚,店頭在庫限り,598
医療雑貨,マスク,4582128471062,不織布マスク　ふつう,店頭在庫限り,102
医療雑貨,マスク,4582128471079,不織布マスク　小さめ,店頭在庫限り,102
医療雑貨,マスク,4582128471130,不織布ﾏｽｸ　やわらかﾌﾟﾚﾐｱﾑ,店頭在庫限り,238
医療雑貨,マスク,4582128471147,不織布ﾏｽｸ　やわらかﾌﾟﾚﾐｱﾑ,店頭在庫限り,238
医療雑貨,マスク,4589743252489,ヘルスケアこどもマスク　30枚,店頭在庫限り,478
医療雑貨,はみがき,4987643120059,サンギ　アパガードMプラス125g,,944
医療雑貨,はみがき,4987643121056,サンギ　アパガードスモーキン 100g,,944
医療雑貨,はみがき,4987643122077,サンギ　アパガードプレミオ 100g,,1104
医療雑貨,はみがき,4987643122107,サンギ　アパガードプレミオ エクストラミント 100g,,1104
医療雑貨,はみがき,4582469490616,トゥービー・ホワイト　薬用デンタルペースト　100g,,792
医療雑貨,はみがき,4582469490630,トゥービー・ホワイトデンタルペースト　プレミアム　60g,,1232
医療雑貨,はみがき,4533213090583,デンティス 100g,,1056
医療雑貨,はみがき,4543268057066,なた豆すっきり歯磨き粉　140g,,1104
医療雑貨,はみがき,4543268066587,なた豆すっきり柿渋歯磨き粉　140g,,1104
医療雑貨,はみがき,4903301248958,デントヘルス 薬用ハミガキ　SP　90g,,1157
医療雑貨,はみがき,4903301249023,デントヘルス薬用ハミガキ　無研磨ゲル　85g,,1157
医療雑貨,はみがき,4903301249061,デントヘルス薬用ハミガキ　しみるブロック　85g,,1157
医療雑貨,はみがき,4903301276005,デントヘルス薬用ハミガキ　口臭ブロック　85g,,1157
医療雑貨,はみがき,4901301307828,【医薬部外品】花王薬用ピュオーラ　泡で出てくるハミガキ　フレッシュミントの香味　190ml,,1080
医療雑貨,はみがき,4901301367600,【医薬部外品】花王薬用ピュオーラ　泡で出てくるハミガキ　マイルドグリーンの香味　190ml,,1080
医療雑貨,はみがき,4987107622907,クリーンデンタルL トータルケア 100g,,1072
医療雑貨,はみがき,4987107622976,クリーンデンタルM　口臭ケア 100g,,1072
医療雑貨,はみがき,4987107623041,クリーンデンタルS　しみないケア,,1073
医療雑貨,はみがき,4987107623171,クリーンデンタル無研磨 90g,,1124
医療雑貨,はみがき,4987107628510,シティース　ホワイト　ステインオフケア 110g,,1124
医療雑貨,はみがき,4987107628657,シティース　ホワイト　口臭ケア 110g,,1124
医療雑貨,包帯・テープ・ガーゼ,4987580212701,ネクスケア　肌が弱い方のためのシリコンテープ　25mm,,638
医療雑貨,包帯・テープ・ガーゼ,4987167092641,ニチバン　アトファイン傷あとケアテープ　Mサイズ　3枚,,820
医療雑貨,包帯・テープ・ガーゼ,4987167092658,ニチバン　アトファイン傷あとケアテープ　Lサイズ　3枚,,846
医療雑貨,サポーター・テーピング,4550309090326,フツロサポーター 姿勢矯正ベルト(フリーサイズ),,2384
医療雑貨,サポーター・テーピング,4909935100136,アシートOタイプ25CM,,784
医療雑貨,サポーター・テーピング,4909935100143,アシートOタイプ26CM,,784
医療雑貨,サポーター・テーピング,4909935100150,アシートOタイプ27CM,,784
医療雑貨,サポーター・テーピング,4571114465291,ヘバレス　指サポーター　3個入り,,864
医療雑貨,サポーター・テーピング,4900723618956,ハヤシニット　ソフトネックサポーターDX,,2240
医療雑貨,サポーター・テーピング,4987379006979,OC)歩きたくなるサポーター骨盤ベルトM,,3024
医療雑貨,サポーター・テーピング,4987379006986,OC)歩きたくなるサポーター骨盤ベルトL,,3024
医療雑貨,サポーター・テーピング,4987167095765,バトルウィン指プロテクター　YP10 S~Mサイズ,,374
医療雑貨,サポーター・テーピング,4987167095772,バトルウィン指プロテクター　YP10 M~Lサイズ,,398
医療雑貨,サポーター・テーピング,4902522676960,プロ・フィッツ　スポーツテックタイツ　男性用 M,,3264
医療雑貨,サポーター・テーピング,4902522676977,プロ・フィッツ　スポーツテックタイツ　男性用 L,,3264
医療雑貨,サポーター・テーピング,4902522676984,プロ・フィッツ　スポーツテックタイツ　女性用 M,,3264
医療雑貨,サポーター・テーピング,4902522676991,プロ・フィッツ　スポーツテックタイツ　女性用 L,,3264
医療雑貨,サポーター・テーピング,4972422030025,バンテリンサポーター　手首用 小さめ,,1184
医療雑貨,サポーター・テーピング,4972422030032,バンテリンサポーター　手首用　ふつう,,1184
医療雑貨,サポーター・テーピング,4972422030049,バンテリンサポーター　手首用　大きめ,,1184
医療雑貨,サポーター・テーピング,4972422030056,バンテリンサポーター　ひじ用　小さめ,,1184
医療雑貨,サポーター・テーピング,4972422030063,バンテリンサポーター　ひじ用　ふつう,,1184
医療雑貨,サポーター・テーピング,4972422030070,バンテリンサポーター　ひじ用　大きめ,,1184
医療雑貨,サポーター・テーピング,4972422030087,バンテリンサポーター　ひざ用　小さめ,,1184
医療雑貨,サポーター・テーピング,4972422030094,バンテリンサポーター　ひざ用　ふつう,,1184
医療雑貨,サポーター・テーピング,4972422030100,バンテリンサポーター　ひざ用　大きめ,,1184
医療雑貨,サポーター・テーピング,4972422030117,バンテリンサポーター　足首用　小さめ,,1184
医療雑貨,サポーター・テーピング,4972422030124,バンテリンサポーター　足首用　ふつう,,1184
医療雑貨,サポーター・テーピング,4972422030131,バンテリンサポーター　足首用　大きめ,,1184
医療雑貨,サポーター・テーピング,4972422030384,バンテリンサポーターふくらはぎ　ふつう,,1584
医療雑貨,サポーター・テーピング,4972422030391,バンテリンコーワサポーター　ふくらはぎアシスト大きめサイズ(ブラック),,1584
医療雑貨,サポーター・テーピング,4972422030414,バンテリンサポーター　ひざ用　ゆったり大きめ,,1184
医療雑貨,サポーター・テーピング,4972422030568,バンテリン腰用しっかり加圧タイプ　ふつう,,3984
医療雑貨,サポーター・テーピング,4972422030575,バンテリン腰用しっかり加圧タイプ　　大きめ,,3984
医療雑貨,サポーター・テーピング,4972422030582,バンテリンコーワサポーター　腰用しっかり加圧タイプ ゆったり大きめサイズ　ブラック -2-,,3984
医療雑貨,サポーター・テーピング,4987067243204,バンテリン高通気サポーターふくらはぎ　Lサイズ,,1584
医療雑貨,サポーター・テーピング,4987067294800,バンテリン高通気サポーターふくらはぎ　Mサイズ,,1584
医療雑貨,サポーター・テーピング,4987067302901,バンテリンサポーター手首保温　ふつう　ブラック,,1264
医療雑貨,サポーター・テーピング,4987067303007,バンテリンサポーター手首保温　大きめ　ブラック,,1264
医療雑貨,サポーター・テーピング,4987067310104,バンテリンサポーター　親指専用　S-M,,1184
医療雑貨,サポーター・テーピング,4987067310203,バンテリンサポーター　親指専用　M-L,,1184
医療雑貨,サポーター・テーピング,4987067311309,バンテリンコーワサポーター　腰椎コルセット ふつうサイズ　ブラック,,5104
医療雑貨,サポーター・テーピング,4987067311408,バンテリンコーワサポーター　腰椎コルセット 大きめサイズ　ブラック,,5104
医療雑貨,サポーター・テーピング,4987067311507,バンテリンコーワサポーター　腰椎コルセット ゆったり大きめサイズ　ブラック,,5104
医療雑貨,サポーター・テーピング,4987067323807,バンテリンサポーター保温ひざ,,1264
医療雑貨,サポーター・テーピング,4987067329007,バンテリン高通気サポーター　ひざ　シルバーグレーM,,1184
医療雑貨,サポーター・テーピング,4987067329106,バンテリン高通気サポーター　ひざ　シルバーグレーL,,1184
医療雑貨,サポーター・テーピング,4987067413102,バンテリンコーワサポーター　腰用しっかり加圧ワイドタイプ　3L,,3984
医療雑貨,サポーター・テーピング,4987067444007,バンテリンコーワサポーター　ふくらはぎアシスト小さめサイズ(ブラック),,1584
医療雑貨,サポーター・テーピング,4987067452200,バンテリンサポーター腰用ブラック　ふつう,,3184
医療雑貨,サポーター・テーピング,4987067452309,バンテリンコーワサポーター　腰用大きめサイズ(ブラック),,3184
医療雑貨,サポーター・テーピング,4987067452903,バンテリンコーワサポーター　腰用ゆったり大きめサイズ(ブラック),,3184
医療雑貨,サポーター・テーピング,4987067463800,バンテリンサポーターひざ　保温 ふつう,,1264
医療雑貨,サポーター・テーピング,4987067463909,バンテリンサポーターひざ　保温 大きめ,,1264
医療雑貨,サポーター・テーピング,4961928611289,DSIS　ソルボヘルシー速乾+　S,,1424
医療雑貨,サポーター・テーピング,4961928611296,DSIS　ソルボヘルシー速乾+　M,,1424
医療雑貨,サポーター・テーピング,4961928611302,DSIS　ソルボヘルシー速乾+　L,,1424
医療雑貨,サポーター・テーピング,4961928613627,三進興産　DSISソルボヘルシーフル　GR　2S,,1264
医療雑貨,サポーター・テーピング,4548623541532,フツロサポーター足くび用 フリーサイズ,,1744
医療雑貨,サポーター・テーピング,4548623541549,フツロサポーター手くび用　フリーサイズ,,1744
医療雑貨,サポーター・テーピング,4548623541556,フツロサポーター手くびしっかり保護用　フリーサイズ,,2544
医療雑貨,サポーター・テーピング,4548623541570,フツロサポーターひじ用　フリーサイズ,,2064
医療雑貨,サポーター・テーピング,4548623541587,フツロサポーターひざスポーツ用　フリーサイズ,,2224
医療雑貨,サポーター・テーピング,4548623541594,フツロサポーターひざ用　フリーサイズ,,2864
医療雑貨,サポーター・テーピング,4548623857220,フツロサポーター腰　日常用　ブラック,,3984
医療雑貨,サポーター・テーピング,4549395383917,フツロサポーターひざしっかり保護用ふつう,,3504
医療雑貨,サポーター・テーピング,4549395383924,フツロサポーターひざしっかり保護用大きめ,,3504
医療雑貨,サポーター・テーピング,4549395755677,フツロ腰　しっかり保護用　ふつう (グレー),,4464
医療雑貨,サポーター・テーピング,4549395755684,フツロ腰　しっかり保護用　大きめ (グレー),,4464
医療雑貨,サポーター・テーピング,4549395755691,フツロサポーター親指しっかり保護用 ふつう,,2384
医療雑貨,サポーター・テーピング,4549395755707,フツロサポーター　親指しっかり　保護用　大きめ,,2384
医療雑貨,サポーター・テーピング,4549395957828,フツロ　足首しっかり　保護用　フリーサイズ,,2384
医療雑貨,サポーター・テーピング,4909935100112,アシートOタイプ23CM,店頭在庫限り,784
医療雑貨,サポーター・テーピング,4909935100129,アシートOタイプ24CM,店頭在庫限り,784
医療雑貨,サポーター・テーピング,4987067424108,バンテリンサポーターひざしっかり加圧タイプ　ふつう,店頭在庫限り,2944
医療雑貨,サポーター・テーピング,4987067424603,バンテリンサポーターひざしっかり加圧タイプ　大きめ,店頭在庫限り,2944
医療雑貨,サポーター・テーピング,4987067435609,バンテリンコーワサポーター　ひざ専用しっかり加圧タイプ　ゆったり大きめサイズ　ブラック,店頭在庫限り,2944
医療雑貨,綿棒・ばんそうこう,4987603464124,FC　ワンタッチパット　S　1袋(12枚入り),,286
医療雑貨,綿棒・ばんそうこう,4987603464131,FC　ワンタッチパッド　M　1袋(6枚入り),,398
医療雑貨,綿棒・ばんそうこう,4987603464148,FC　ワンタッチパッド　L　1袋(4枚入り),,398
医療雑貨,綿棒・ばんそうこう,4987603464155,FC　高吸収ワンタッチパッド　S6枚,,286
医療雑貨,綿棒・ばんそうこう,4987603464162,FC　高吸収ワンタッチパッド　M5枚,,398
医療雑貨,綿棒・ばんそうこう,4987603464179,FC　高吸収ワンタッチパッド　L3枚,,398
医療雑貨,綿棒・ばんそうこう,4987603464186,FC　防水ワンタッチパッド　S6枚,,286
医療雑貨,綿棒・ばんそうこう,4987603464193,FC　防水ワンタッチパッド　M5枚,,398
医療雑貨,綿棒・ばんそうこう,4987603464209,FC　防水ワンタッチパッド　L4枚,,398
医療雑貨,綿棒・ばんそうこう,4987603464377,ワンタッチパッドSお徳用　40枚,,704
医療雑貨,綿棒・ばんそうこう,4987603464391,ワンタッチパッドLお徳用　12枚,,704
医療雑貨,綿棒・ばんそうこう,4987603464520,ワンタッチパッドMお徳用　22枚,,704
医療雑貨,綿棒・ばんそうこう,4987603464544,防水ワンタッチパッドS　お徳用22枚,,704
医療雑貨,綿棒・ばんそうこう,4987603464551,防水ワンタッチパッドM　お徳用16枚,,704
医療雑貨,綿棒・ばんそうこう,4987603464568,防水ワンタッチパッドL　お徳用12枚,,704
医療雑貨,綿棒・ばんそうこう,4987603464704,FC　モイストヒーリングパッド　M4枚入,,704
医療雑貨,綿棒・ばんそうこう,4987603464711,FC　モイストヒーリングパッド　L3枚入,,704
医療雑貨,綿棒・ばんそうこう,4987603464773,FC高吸収ﾜﾝﾀｯﾁﾊﾟｯﾄﾞお徳用S,,704
医療雑貨,綿棒・ばんそうこう,4987603464780,FC高吸収ﾜﾝﾀｯﾁﾊﾟｯﾄﾞお徳用　M,,704
医療雑貨,綿棒・ばんそうこう,4987603464797,FC高吸収ﾜﾝﾀｯﾁﾊﾟｯﾄﾞお徳用　L,,704
医療雑貨,綿棒・ばんそうこう,4580215005688,ひびサポート指らーく 2個,,1104
医療雑貨,綿棒・ばんそうこう,4970883010389,クイックパッドふつうサイズ　10枚,,478
医療雑貨,綿棒・ばんそうこう,4970883010396,クイックパッド大きめサイズ　6枚,,478
医療雑貨,綿棒・ばんそうこう,4970883010419,クイックパッドワイドサイズ　4枚,,478
医療雑貨,綿棒・ばんそうこう,4970883010426,クイックパッドミニサイズ　10枚,,478
医療雑貨,綿棒・ばんそうこう,4970883010433,クイックパッドジャンボサイズ　4枚,,638
医療雑貨,綿棒・ばんそうこう,4970883012215,阿蘇製薬　クイックパッド水仕事用　10枚,,478
医療雑貨,綿棒・ばんそうこう,4960085990510,キズクイックfitジャストサイズ　12枚,,398
医療雑貨,綿棒・ばんそうこう,4960085990527,キズクイックFit　指先用,,398
医療雑貨,綿棒・ばんそうこう,4987603426054,FCｽﾄｯﾌﾟﾊﾞﾝｸﾛｽｹｱ 20枚,,318
医療雑貨,温熱用品,4901301227850,めぐりズム蒸気でホットアイマスク　5枚,,398
医療雑貨,温熱用品,4901301348029,めぐりズム蒸気でホットアイマスク　無香料 12枚入,,864
医療雑貨,温熱用品,4901301348036,めぐりズム蒸気でホットアイマスク　完熟ゆず 12枚入,,864
医療雑貨,温熱用品,4901301348043,めぐりズム蒸気でホットアイマスク　ラベンダー 12枚入,,864
医療雑貨,温熱用品,4901301348067,めぐりズム蒸気でホットアイマスク　カモミール 12枚入,,864
医療雑貨,温熱用品,4901301348098,めぐりズム蒸気でホットアイマスク　ローズ 12枚入,,864
医療雑貨,温熱用品,4901301236876,めぐりズム蒸気の温熱シート8枚,,638
医療雑貨,温熱用品,4901301236883,めぐりズム蒸気の温熱シート16枚,,1183
医療雑貨,冷却用品,4520146251358,広口アイスバック,,784
医療雑貨,磁気・お灸,4970511202704,阿蘇製薬　ガウスバン　200MAX　24粒,店頭在庫限り,1008
医療雑貨,磁気・お灸,4970883013960,磁気バン X_ 28粒,店頭在庫限り,1018
医療雑貨,介護雑貨,4902380174776,日清オイリオ　プロキュアZ　バナナ味　125ml,,158
医療雑貨,介護雑貨,4902380174783,日清オイリオ　プロキュアZ　いちご味　125ml,,158
医療雑貨,介護雑貨,4902380174790,日清オイリオ　プロキュアZ　ミルクキャラメル味　125ml,,158
医療雑貨,介護雑貨,4902380185376,日清オイリオ　プロキュアZ　みかん味　125ml,,158
医療雑貨,介護雑貨,4902380185383,日清オイリオ　プロキュアZ　あずき味　125ml,,158
医療雑貨,介護雑貨,4902380196402,日清オイリオ　プロキュアZ　ヨーグルト味　125ml,,158
医療雑貨,介護雑貨,4902380203100,日清オイリオ　プロキュアアクティブサポート　バナナミルク味　125ml,店頭在庫限り,158
医療雑貨,介護雑貨,4902380203124,日清オイリオ　プロキュアアクティブサポート　いちごチョコ味　125ml,店頭在庫限り,158
医療雑貨,洗口液・液体ハミガキ,4571113807924,薬用デンタルリンス　1000ML,,558
医療雑貨,洗口液・液体ハミガキ,4901616010512,【指定医薬部外品】ガム・お口/のど殺菌スプレー15ml,,704
医療雑貨,洗口液・液体ハミガキ,4973210994802,L8020乳酸菌 ラクレッシュチュアブル レモンミント 30粒,,638
医療雑貨,洗口液・液体ハミガキ,4973210995694,新ﾗｸﾚｯｼｭ　ﾏｲﾙﾄﾞﾏｳｽｳｫｯｼｭ,,792
医療雑貨,洗口液・液体ハミガキ,4987286417387,マウスクリア 100ml,,638
医療雑貨,洗口液・液体ハミガキ,4973210044576,L8020乳酸菌 ラクレッシュ洗口液マイルドタイプ 300ml 2個パック,店頭在庫限り,1024
医療雑貨,デンタル用品,4580354691018,魔法の舌ブラシ　1本,,704
医療雑貨,デンタル用品,4901387051622,デンタルフロス&ピック,,190
医療雑貨,デンタル用品,4901387051639,StandarDay　Y字デンタルフロス　30本,,238
医療雑貨,デンタル用品,4901387051646,歯間ブラシ　極細タイプ,,398
医療雑貨,デンタル用品,4901387051653,歯間ブラシ　細いタイプ,,398
医療雑貨,デンタル用品,4901387051127,デンタルフロス&ピック,店頭在庫限り,190
医療雑貨,デンタル用品,4901387051547,デンタルフロスY字型,店頭在庫限り,222
医療雑貨,入れ歯用品,4987072053348,超音波タフデント　除菌洗浄剤　54錠,,398
医療雑貨,入れ歯用品,4987072057209,超音波タフデント入れ歯クリーニングキット,,3824
医療雑貨,安眠・いびき対策,4902125370296,日本香堂　アンミングプラスリネンミスト　15ml,,784
医療雑貨,その他の医療雑貨,705928003187,サイナスリンス　ﾄﾗｲｱﾙｾｯﾄ 本体＋１０包,,878
医療雑貨,その他の医療雑貨,705928045309,サイナスジェルスプレー ３０ｍｌ,,616
医療雑貨,その他の医療雑貨,705928052611,サイナスリンス　リフィル ６０包,,1760
医療雑貨,はぶらし,4210201300717,オーラルB　スミズミクリーン　キッズ　プレミアム　D1004132KPKM　本体+替ブラシ1本,,3184
医療雑貨,はぶらし,4210201347828,オーラルB　PRO600　ブラックエディション　Z,,5584
医療雑貨,はぶらし,4210201401582,すみずみｸﾘｰﾝｷｯｽﾞﾌﾞﾗｼﾌﾞﾙｰ　替,,1664
医療雑貨,はぶらし,4210201401643,すみずみｸﾘｰﾝｷｯｽﾞﾌﾞﾗｼﾋﾟﾝｸ　替,,1664
医療雑貨,はぶらし,6903148286760,オーラルB　スミズミクリーン　プレミアム　D1004132BK　本体+替ブラシ1本,,3184
医療雑貨,はぶらし,4901221020302,舌クリーナーラバーグリップ,,158
医療雑貨,はぶらし,4975479183492,オムロンダブルメリットブラシ　替え　1本,,230
医療雑貨,はぶらし,4975479198762,替えブラシSB-172,,605
医療雑貨,はぶらし,4975479416811,オムロン　電動歯ブラシHT-B220-W,,605
医療雑貨,はぶらし,4975479416835,オムロン　電動歯ブラシHT-B214-PK,,1584
医療雑貨,はぶらし,4975479416859,オムロン　電動歯ブラシHT-B222-W,,1264
医療雑貨,はぶらし,4975479417467,音波式電動歯ブラシ 充電式 HT-B304-W ホワイト,,3184
医療雑貨,はぶらし,4975479417481,オムロン　電動歯ブラシHT-B303-PK,,2384
医療雑貨,はぶらし,4210201117421,オーラルB　マルチアクションブラシ　EB50-2HB　替ブラシ　2本,,1664
医療雑貨,はぶらし,4210201146742,オーラルB　スミズミクリーンEX　D12013A　本体+替ブラシ1本,,2224
医療雑貨,はぶらし,4210201181736,オーラルB　ヤワラカ極細毛ブラシ　替ブラシ　EB60-2H　2本,,1584
医療雑貨,はぶらし,4210201185482,オーラルB　スミズミクリーン　ヤワラカ　本体+替ブラシ1本,,2144
医療雑貨,はぶらし,4210201185505,オーラルB　スミズミクリーン　ホワイト　D12013W　本体+替ブラシ1本,,2224
医療雑貨,はぶらし,4210201185512,オーラルB　スミズミクリーン　フロス　D12013F　本体+替ブラシ1本,,2224
医療雑貨,はぶらし,4210201359708,オーラルB　ステインケア　替ブラシ　EB18-2HB　2本,,1424
医療雑貨,はぶらし,4210201848493,オーラルB　パーフェクトクリーン　替ブラシ　EB20-2HB　2本,,1344
医療雑貨,はぶらし,4210201848561,オーラルB　パーフェクトクリーン　替ブラシ　EB20-4HB　4本,,2304
医療雑貨,はぶらし,4210201855040,オーラルB　フロスアクション　替ブラシ　EB25-2HB　2本,,1664
医療雑貨,はぶらし,6903148269466,オーラルB　スミズミクリーン　キッズ　レッド　本体　D12513KPKMB,,2224
医療雑貨,はぶらし,6903148269473,オーラルB　スミズミクリーン　キッズ　ピンク　本体　D12513KPKMG,,2224
医療雑貨,はぶらし,4903301143970,ｼｽﾃﾏ音波ｱｼｽﾄﾌﾞﾗｼ　ｸﾞﾘｰﾝ,,1424
医療雑貨,はぶらし,4903301144212,ｼｽﾃﾏ音波ｱｼｽﾄﾌﾞﾗｼ　ﾋﾟﾝｸ,,1424
医療雑貨,はぶらし,4903301144229,ｼｽﾃﾏ音波ｱｼｽﾄﾌﾞﾗｼ替ﾌﾞﾗｼG 2P,,516
医療雑貨,はぶらし,4903301144236,ｼｽﾃﾏ音波ｱｼｽﾄﾌﾞﾗｼ替ﾌﾞﾗｼP　2P,,516
医療雑貨,はぶらし,4903301216247,システマ音波アシストブラシ替,,516
医療雑貨,はぶらし,4903301282839,NONIO　舌クリーナー,,216
医療雑貨,はぶらし,49795462,NONIO 舌専用ｸﾘｰﾆﾝｸﾞｼﾞｪﾙ,,216
医療雑貨,はぶらし,6903148269480,オーラルB　スミズミクリーン　キッズ　替ブラシ　レッド　EB10-2KB　2本,店頭在庫限り,1664
医療雑貨,はぶらし,6903148269497,オーラルB　スミズミクリーン　キッズ　替ブラシ　ピンク　EB10-2KG　2本,店頭在庫限り,1664
医療雑貨,吸入器,4975479199394,ハンディ吸入器　替えメッシュ NES-WTDMC-20　10個,,704
医療雑貨,吸入器,4975479404016,ハンディ吸入器　NE-S20 1台,,7984
健康食品,ビタミン,4987415333601,Q10プラスバイタル　90粒,,4105
健康食品,ビタミン,4970986340130,ビタミンCパルミテート　40包,,2384
健康食品,ビタミン,4970986340147,ビタミンCパルミテート　400粒,,2384
健康食品,ビタミン,4562189172191,吸収型ｻﾌﾟﾘﾒﾝﾄﾏﾙﾁﾋﾞﾀﾐﾝ,,1584
健康食品,ビタミン,4987312212979,ミヤリサン製薬 ビタミンCパルミテート〈400錠〉,店頭在庫限り,2384
健康食品,ビタミン,4987312213037,ミヤリサン製薬 ビタミンCパルミテート〈40包〉,店頭在庫限り,2384
健康食品,ミネラル,4970986340222,ストロンホーネ,,2384
健康食品,ミネラル,4987312212641,ミヤリサン製薬 ストロンホーネ〈120粒〉,店頭在庫限り,2384
健康食品,アミノ酸,4589886361048,クエン酸ゴールドプラス 500ml用 × 12袋,,1584
健康食品,アミノ酸,4987312211804,アミノ2200　3g×30包,,890
健康食品,アミノ酸,4589886361017,アミノ酸クエン酸ゴールド,店頭在庫限り,1426
健康食品,必須脂肪酸・健康油,4970986340178,EPA+DHA,,2384
健康食品,必須脂肪酸・健康油,4987312272690,EPA+DHA420粒,店頭在庫限り,2146
健康食品,必須脂肪酸・健康油,4970986340123,EPA+DHA,店頭在庫限り,1942
健康食品,コンドロイチン・グルコサミン,4571510150012,日本ヘルスケア製薬 MSM+Nーアセチルグルコサミン 300粒,,3184
健康食品,コンドロイチン・グルコサミン,4987312213549,ミヤリサン製薬 MSM+N-アセチルグルコサミン 〈300粒〉,店頭在庫限り,3184
健康食品,プロバイオティクス,4972785100526,ラクトフェリン300,,3104
健康食品,酵素,4589886361000,古代酵素 30包,,2384
健康食品,お酢,4529052002795,伝承黒酢　180粒,,1584
健康食品,美容,2020552000011,インナースリムEX従業員販売　30包×2,,3984
健康食品,美容,4987415348520,インナースリムEX　30袋,,2384
健康食品,美容,4901080675712,とらふぐコラーゲン美容ジュレ　キウイ味150g,,142
健康食品,美容,4901080675811,とらふぐコラーゲン美容ジュレ　もも味150g,,142
健康食品,美容,4987028126447,【機能性表示食品】チョコラBBリッチ・セラミド　50MLx10本,,2384
健康食品,美容,4987028126461,【機能性表示食品】チョコラBBリッチ・セラミド　50MLx3本パック,,742
健康食品,美容,4987312213730,清潤,,2384
健康食品,健康茶,4522968301204,小川生薬　有機ルイボスティー　40袋,,478
健康食品,健康茶,4524326100559,ユウキ製薬 杜仲茶100　3g×40包,,398
健康食品,健康茶,4562104352707,高麗紅蔘茶　3g×60包,,2384
健康食品,健康茶,4972213002309,国産ごぼう茶　2.5g×30包,,558
健康食品,健康茶,4972213002316,有機栽培ルイボスティー　5g×20包,,558
健康食品,健康茶,4972213002552,河村農園　九州産桑の葉茶　2.5g×30包,,558
健康食品,健康茶,4972213002736,河村農園　お徳用国産はと麦茶　　3g×55包,,398
健康食品,健康茶,4972213002743,河村農園　お徳用ルイボスティ　3g×55包,,398
健康食品,青汁,4529052003716,贅菜　PLUS　5.4g×60包,,3184
健康食品,青汁,4529052002634,新日配薬品 贅菜(ぜいさい) 〈3g×60袋〉,店頭在庫限り,2736
健康食品,プロテイン,4571510153037,ツクルチカラHMBプラス 30包,,3184
健康食品,プロテイン,4971288002252,ホエイプロテイン(ココア味),,2704
健康食品,プロテイン,4571510153013,日本ヘルスケア製薬 ツクルチカラ 30包,店頭在庫限り,2866
健康食品,プロテイン,4987312213723,ツクルチカラ,店頭在庫限り,2866
健康食品,その他の健康食品,4987241162659,ロートV5粒　30粒,,1555
健康食品,その他の健康食品,4902750583078,UHAプロポリスのど飴　PREMIUM　袋(52g),,238
健康食品,その他の健康食品,4987926908213,スーパーウコンエクストラレバー　100ML×6本,,618
健康食品,その他の健康食品,4902150691090,フローラバランス粒30粒(チュアブルタイプ),,1584
健康食品,その他の健康食品,4970986340215,プロポリスエキス,,3040
健康食品,その他の健康食品,4589886361031,機能性表示ヨイネムリα 3.5gx30本,,3184
健康食品,その他の健康食品,4573142070850,ブラックコーヒー+C 30本,,1584
健康食品,その他の健康食品,4987312213495,プロポリスエキス　30ml,店頭在庫限り,3040
健康食品,その他の健康食品,4589886361024,日本堂製薬 ヨイネムリ 30包,店頭在庫限り,2866
化粧品,化粧水,4901417621726,肌美精　大人のニキビ　薬用美白化粧水　200ml,,784
化粧品,化粧水,4987286317397,へパベールローション,,1104
化粧品,化粧水,4580397170129,ハトムギ化粧水 ヒアルロン酸&コラーゲン配合　500mL,,376
化粧品,化粧水,4573350880814,アンレーベル化粧水　500ML,,774
化粧品,化粧水,4901872068395,エリクシールルフレ　バランシングウォーター168ml,,2200
化粧品,化粧水,4901872068418,エリクシールルフレ　バランシングウォーター(つめかえ用)150ml,,1936
化粧品,化粧水,4901872068425,エリクシールルフレ　バランシングウォーター(つめかえ用)150ml,,1936
化粧品,化粧水,4901872068463,エリクシールルフレ　バランシングウォーター168ml,,2200
化粧品,化粧水,4901872099511,エリクシールシュペリエル　リフトモイストローションT　さっぱり　170ml,,2640
化粧品,化粧水,4901872099528,エリクシールシュペリエル　リフトモイストローションT　しっとり　170ml,,2640
化粧品,化粧水,4901872099559,エリクシールシュペリエル　リフトモイストローションT　とてもしとり　170ml,,2640
化粧品,化粧水,4901872099610,エリクシールシュペリエル　リフトモイストローションT　さっぱり　(つめかえ用)　150ml,,2288
化粧品,化粧水,4901872099627,エリクシールシュペリエル　リフトモイストローションT　しっとり　(つめかえ用)　150ml,,2288
化粧品,化粧水,4901872099634,エリクシールシュペリエル　リフトモイストローションT　とてもしっとり　(つめかえ用)　150ml,,2288
化粧品,化粧水,4901872963294,エリクシールホワイト　クリアローションT　さっぱり　170ml,,2904
化粧品,化粧水,4901872963300,エリクシールホワイト　クリアローションT　しっとり　170ml,,2904
化粧品,化粧水,4901872963317,エリクシールホワイト　クリアローションT　とてもしっとり　170ml,,2904
化粧品,化粧水,4901872963324,エリクシールホワイト　クリアローションT　さっぱり　(つめかえ用)　150ml,,2552
化粧品,化粧水,4901872963379,エリクシールホワイト　クリアローションT　しっとり　(つめかえ用)　150ml,,2552
化粧品,化粧水,4901872963386,エリクシールホワイト　クリアローションT　とてもしっとり　(つめかえ用)　150ml,,2552
化粧品,化粧水,4901872975105,EISつや玉ミスト　80ML,,1584
化粧品,化粧水,4901872976867,エリクシールアドバンスド　ローションT　さっぱり　170ml,,3344
化粧品,化粧水,4901872976881,エリクシールアドバンスド　ローションT　しっとり　170ml,,3344
化粧品,化粧水,4901872976898,エリクシールアドバンスド　ローションT　とてもしっとり　170ml,,3344
化粧品,化粧水,4901872976904,エリクシールアドバンスド　ローションT　さっぱり　(つめかえ用)　150ml,,2904
化粧品,化粧水,4901872976928,エリクシールアドバンスド　ローションT　しっとり　(つめかえ用)　150ml,,2904
化粧品,化粧水,4901872976935,エリクシールアドバンスド　ローションT　とてもしっとり　(つめかえ用)　150ml,,2904
化粧品,化粧水,4971710278521,ONE BY KOSE バランシング チューナー 120mL,,3960
化粧品,化粧水,4971710295245,ONE BY KOSE ｻﾞｳｫｰﾀｰﾒｲﾄ,,2112
化粧品,化粧水,4971710295252,ONE BY KOSE ｻﾞｳｫｰﾀｰﾒｲﾄﾚﾌｨﾙ,,1848
化粧品,化粧水,4971710252880,アンテリージェ EX リペアローション I (さっぱり),,2384
化粧品,化粧水,4971710252897,アンテリージェ EX リペアローション II (しっとり),,2384
化粧品,化粧水,4971710285215,アンテリージェEX　　バイタライジングローションⅡ(とてもしっとり)160ml,,3184
化粧品,化粧水,4971710285246,アンテリージェEX　バイタライジングローションⅠ(しっとり)160ml,,3184
化粧品,化粧水,4971710209471,フォルミュール  ビタソリューション 150ml,,3024
化粧品,化粧水,4971710253610,【医薬部外品】フォルミュール  アクネミン  QQ 30ml,,3024
化粧品,化粧水,4971710269062,フォルミュール  ピュア  クリアミン  QQ 150ml,,2764
化粧品,化粧水,4971710286168,【医薬部外品】フォルミュール　アクネオ　薬用　リペア　ローション　150ml,,2200
化粧品,化粧水,4901301210722,キュレル　薬用ローション　220ml,,1144
化粧品,化粧水,4901301236043,キュレル　化粧水1(ライト)　150ml,,1555
化粧品,化粧水,4901301236180,キュレル　化粧水3(リッチ)　150ml,,1555
化粧品,化粧水,4901301236197,キュレル　化粧水2(ノーマル)　150ml,,1555
化粧品,化粧水,4901301238801,キュレル　美白化粧水3(リッチ)　140ml,,2024
化粧品,化粧水,4901301240293,キュレル　美白化粧水2(ノーマル)　140ml,,2024
化粧品,化粧水,4901301264343,キュレル　皮脂トラブルケア化粧水　150ml,,1584
化粧品,化粧水,4901301289384,キュレル　泡ボディウォッシュ　つめかえ用　380ml,,765
化粧品,化粧水,4901301334510,キュレルエイジングケア化粧水140ml,,2024
化粧品,化粧水,4901301379917,キュレル　ディープモイスチャースプレー　60g　(医薬部外品),,792
化粧品,化粧水,4901301382320,キュレル　ディープモイスチャースプレー　150g　(医薬部外品),,1584
化粧品,化粧水,4971710252866,ｱﾝﾃﾘｰｼﾞｪﾘﾆｭｰｺﾝｾﾝﾄﾚｰﾄﾛｰｼｮﾝ,店頭在庫限り,1584
化粧品,化粧水,4971710285857,ｱﾝﾃﾘｰｼﾞｪEXﾊﾞｲﾀﾗｲｼﾞﾝｸﾞTK1,店頭在庫限り,792
化粧品,化粧水,4971710285864,ｱﾝﾃﾘｰｼﾞｪEXﾊﾞｲﾀﾗｲｼﾞﾝｸﾞTK2,店頭在庫限り,792
化粧品,化粧水,4901301379924,キュレル　ディープモイスチャースプレー　250g　(医薬部外品),店頭在庫限り,2200
化粧品,乳液,4901872068401,エリクシールルフレ　バランシングミルク130ml,,2420
化粧品,乳液,4901872068432,エリクシールルフレ　バランシングミルク(つめかえ用)110ml,,2024
化粧品,乳液,4901872068456,エリクシールルフレ　バランシングミルク(つめかえ用)110ml,,2024
化粧品,乳液,4901872068470,エリクシールルフレ　バランシングミルク130ml,,2420
化粧品,乳液,4901872099542,エリクシールシュペリエル　リフトモイストエマルジョンT　しっとり　130ml,,3080
化粧品,乳液,4901872099573,エリクシールシュペリエル　リフトモイストエマルジョンT　さっぱり　130ml,,3080
化粧品,乳液,4901872099580,エリクシールシュペリエル　リフトモイストエマルジョンT　とてもしっとり　130ml,,3080
化粧品,乳液,4901872099658,エリクシールシュペリエル　リフトモイストエマルジョンT　さっぱり　(つめかえ用)　110ml,,2552
化粧品,乳液,4901872099665,エリクシールシュペリエル　リフトモイストエマルジョンT　しっとり　(つめかえ用)　110ml,,2552
化粧品,乳液,4901872099672,エリクシールシュペリエル　リフトモイストエマルジョンT　とてもしっとり　(つめかえ用)　110ml,,2552
化粧品,乳液,4901872963393,エリクシールホワイト　クリアエマルジョンT　さっぱり　130ml,,3432
化粧品,乳液,4901872963409,エリクシールホワイト　クリアエマルジョンT　しっとり　130ml,,3432
化粧品,乳液,4901872963416,エリクシールホワイト　クリアエマルジョンT　とてもしっとり　130ml,,3432
化粧品,乳液,4901872963430,エリクシールホワイト　クリアエマルジョンT　さっぱり　(つめかえ用)　110ml,,2816
化粧品,乳液,4901872963447,エリクシールホワイト　クリアエマルジョンT　しっとり　(つめかえ用)　110ml,,2816
化粧品,乳液,4901872963454,エリクシールホワイト　クリアエマルジョンT　とてもしっとり　(つめかえ用)　110ml,,2816
化粧品,乳液,4901872976942,エリクシールアドバンスド　エマルジョンT　さっぱり　130ml,,3960
化粧品,乳液,4901872976959,エリクシールアドバンスド　エマルジョンT　しっとり　130ml,,3960
化粧品,乳液,4901872976966,エリクシールアドバンスド　エマルジョンT　とてもしっとり　130ml,,3960
化粧品,乳液,4901872976973,エリクシールアドバンスド　エマルジョンT　さっぱり　(つめかえ用)　110ml,,3256
化粧品,乳液,4901872976980,エリクシールアドバンスド　エマルジョンT　しっとり　(つめかえ用)　110ml,,3256
化粧品,乳液,4901872976997,エリクシールアドバンスド　エマルジョンT　とてもしっとり　(つめかえ用)　110ml,,3256
化粧品,乳液,4909978127374,ﾏｷｱｰｼﾞｭﾄﾞﾗﾏﾃｨｯｸﾘｯﾌﾟﾃｨﾝﾄOR704 9g,,2024
化粧品,乳液,4971710252811,アンテリージェ EX リペアミルク I (さっぱり),,2384
化粧品,乳液,4971710252828,アンテリージェ EX リペアミルク II (しっとり),,2384
化粧品,乳液,4971710285222,アンテリージェEX　　バイタライジングミルクⅠ(しっとり)　　100ml,,3184
化粧品,乳液,4971710285239,アンテリージェEX　　バイタライジングミルクⅡ(とてもしっとり)　　100ml,,3184
化粧品,乳液,4971710285253,【医薬部外品】フォルミュール　アクネオ　薬用　リペア　モイスチュアライザー　U　100g,,2376
化粧品,乳液,4971710285260,【医薬部外品】フォルミュール　アクネオ　薬用　リペア　モイスチュアライザー　TU　100g,,2376
化粧品,乳液,4971710285277,【医薬部外品】フォルミュール　アクネオ　薬用　リペア　モイスチュアライザー　T　100g,,2376
化粧品,乳液,4901301236173,キュレル　乳液　120ml,,1555
化粧品,乳液,4901301238795,キュレル　美白乳液　110ml,,2024
化粧品,美容液,4902150693018,日本水産　オレンジラフィ-ピュアモイストナチュラルオイル　30ml,,2200
化粧品,美容液,4582300800260,イポケアEX　18ml,,1642
化粧品,美容液,4909978103002,HAKUメラノフォーカスZ,,8800
化粧品,美容液,4909978103019,HAKU ﾒﾗﾉﾌｫｰｶｽZﾚﾌｨﾙ,,8536
化粧品,美容液,4909978110642,エリクシール　スポットクリアセラム　WT　22グラム,,3960
化粧品,美容液,4909978121631,ﾏｷｱｰｼﾞｭﾄﾞﾗﾏﾃｨｯｸ ﾇｰﾄﾞｼﾞｪﾘｰ BB,,2464
化粧品,美容液,4909978129248,ﾏｷｱｰｼﾞｭﾄﾞﾗﾏﾃｨｯｸﾐｽﾄEX,,1408
化粧品,美容液,4909978996024,スキンクリエーター コンセントレート　セラム　AA-W 180mL　医薬部外品　(販売名)エイジアス　コンセントレート　セラム　AA-W,,5280
化粧品,美容液,4909978998875,エリクシール アドバンスド エステティックエッセンス 40g,,4840
化粧品,美容液,4971710284539,ONEBYKOSEﾒﾗﾉｼｮｯﾄﾎﾜｲﾄD,,4664
化粧品,美容液,4971710285314,ONEBYKOSEﾒﾗﾉｼｮｯﾄﾎﾜｲﾄDﾚﾌｨﾙ 40ml,,4400
化粧品,美容液,4971710285482,ONEBYKOSEﾒﾗﾉｼｮｯﾄﾎﾜｲﾄDﾗｰｼﾞ 65ml,,6336
化粧品,美容液,4971710285499,ONEBYKOSEﾒﾗﾉｼｮｯﾄﾎﾜｲﾄDﾗｰｼﾞ ﾚﾌｨﾙ65ml,,6072
化粧品,美容液,4971710288605,ONE BY KOSE セラムヴェール  60mL,,4400
化粧品,美容液,4971710288612,ONE BY KOSE セラムヴェール (付けかえ用)  60mL,,4224
化粧品,美容液,4971710288629,ONE BY KOSE セラムヴェール (ラージサイズ)  120mL,店頭在庫限り,7480
化粧品,美容液,4971710288636,ONE BY KOSE セラムヴェール (ラージサイズ) (付けかえ用)  120mL,,7304
化粧品,美容液,4971710295634,ONE BY KOSE ｻﾞﾘﾝｸﾚｽS 20g,,5104
化粧品,美容液,4971710295818,ONE BY KOSE ｻﾞﾘﾝｸﾚｽS ﾗｰｼﾞ 30g,,6512
化粧品,美容液,4971710293593,アンテリージェ EX ハリつや美容液ミスト 80mL,,1400
化粧品,美容液,4971710250909,フォルミュール  リペアミン  QQ 35ml,,3456
化粧品,美容液,4901301281715,キュレル　潤浸保湿美容液　40g,,1987
化粧品,美容液,4901872096510,スキンクリエータースペシャルウィークリーケアセット　12回分,店頭在庫限り,7776
化粧品,美容液,4971710288643,ONEBYKOSEセラムヴェール(トライアル)　10ML,店頭在庫限り,660
化粧品,クリーム,4971710395020,【医薬部外品】KOSE コーセー　グレイスワン リンクルケア モイストジェルクリーム　100g,,2640
化粧品,クリーム,4952458233508,コスモニューティー　薬用ホワイトニングモイスチュアクリーム  30g,,784
化粧品,クリーム,4901417621733,肌美精　大人のニキビ　薬用美白クリーム　50g,,784
化粧品,クリーム,4987286317403,へパベールクリーム,,1104
化粧品,クリーム,4901872061280,資生堂 エリクシール シュペリエル エンリッチド リンクルクリーム S (販売名:資生堂 レチノバイタル クリームV) 15g (医薬部外品,,5104
化粧品,クリーム,4901872099122,資生堂 エリクシール シュペリエル エンリッチド リンクルクリーム L (販売名:資生堂 レチノバイタル クリームV)　22g (医薬部外品,,6864
化粧品,クリーム,4901872963553,資生堂 エリクシール ホワイト エンリッチド リンクルホワイトクリーム L 　22g (販売名:クリーム　SS)(医薬部外品),,7568
化粧品,クリーム,4901872963607,資生堂 エリクシール ホワイト エンリッチド リンクルホワイトクリーム S 　15g (販売名:クリーム　SS)(医薬部外品),,5632
化粧品,クリーム,4901872975716,マキアージュ　ドラマティックジェリーコンパクト02(レフィル)14グラム,,2640
化粧品,クリーム,4901872975723,マキアージュ　ドラマティックジェリーコンパクト03(レフィル)14グラム,,2640
化粧品,クリーム,4909978996000,スキンクリエーター コンセントレート　クリーム　AA-W 40g 　医薬部外品　(販売名)エイジアス　コンセントレート　クリーム　AA‐W,,7040
化粧品,クリーム,4909978998622,ｴﾘｸｼｰﾙﾙﾌﾚ ﾊﾞﾗﾝｼﾝｸﾞﾐｽﾞｸﾘｰﾑ,,1584
化粧品,クリーム,4971710252873,アンテリージェ EX リニュー コンセントレート クリーム α 50g,,6800
化粧品,クリーム,4901301210708,キュレル　クリーム　ジャー　90g,,1320
化粧品,クリーム,4901301236210,キュレル　潤浸保湿フェイスクリーム　40g,,1987
化粧品,クリーム,4901301238818,キュレル　美白クリーム　40g,,2464
化粧品,クリーム,4901301264350,キュレル　皮脂トラブルケア保湿ジェル　120ml,,1584
化粧品,クリーム,4901301334527,キュレルエイジングケアジェルクリーム40g,,2464
化粧品,クリーム,4901301334534,キュレルエイジングケアクリーム40g,,2464
化粧品,クリーム,4901301382528,キュレル　モイストリペア アイクリーム　25g,,2464
化粧品,クリーム,4573164181756,G9ホワイトクリーム,,1320
化粧品,クリーム,4573164183132,G9クリームミントグリーン,,1320
化粧品,クリーム,4573164183910,G9クリームイエロー,,1320
化粧品,クリーム,4580173961477,アクネスラボ　薬用スポッツクリームパッチ付き 7g,店頭在庫限り,1192
化粧品,クリーム,4971710252859,アンテリージェ EX リペア アクアリィクリーム,店頭在庫限り,3984
化粧品,クリーム,4901872023318,プリナ　オールインワンジェルクリーム100g,店頭在庫限り,1584
化粧品,洗顔料,4571573360021,無添加洗顔,,318
化粧品,洗顔料,4580173961231,ｱｸﾈｽﾗﾎﾞ薬用スポッツクリーム,,1192
化粧品,洗顔料,4901417668035,クラシエ　クレンズピュア 薬用アクネケア泡洗顔　本体　150ml,,784
化粧品,洗顔料,4901417668042,クラシエ　クレンズピュア薬用アクネケア泡洗顔　詰替　130ml,,558
化粧品,洗顔料,4973167030141,ｽｲｻｲ ﾋﾞｭｰﾃｨCﾌﾞﾗｯｸﾊﾟｳﾀﾞｰｳｫｯｼｭ,,1584
化粧品,洗顔料,4973167823354,ｽｲｻｲ ﾋﾞｭｰﾃｨCﾌﾞﾗｯｸﾊﾟｳﾀﾞｰｳｫｯｼｭ,,792
化粧品,洗顔料,4973167823859,【カネボウ】スイサイ　ビューティクリア　パウダーウォッシュN,,1584
化粧品,洗顔料,4973167823910,【カネボウ】スイサイ　ビューティクリア　パウダーウォッシュN(トライアル)　6g,,792
化粧品,洗顔料,4901417621719,肌美精　大人のニキビ　薬用ホワイト洗顔　110g,,784
化粧品,洗顔料,4971710273663,ルシェリ 洗顔パウダー 0.4g*32包,,1232
化粧品,洗顔料,4971710252842,アンテリージェ EX クリーミィウォッシュ,,1584
化粧品,洗顔料,4971710229141,フォルミュール  ピュアモイスチャー  ソープ 100g,,1728
化粧品,洗顔料,4971710286151,【医薬部外品】フォルミュール　アクネオ　薬用　ウォッシング　クリーム 120g,,1584
化粧品,洗顔料,4901301264336,キュレル　皮脂トラブルケア泡洗顔料　150ml,,1056
化粧品,洗顔料,4901301269348,キュレル　泡洗顔料　150ml,,1037
化粧品,洗顔料,4901301272140,キュレル　泡洗顔料　つめかえ用　130ml,,821
化粧品,洗顔料,4901301289865,キュレル　皮脂トラブルケア泡洗顔料　つめかえ用　130ml,,836
化粧品,クレンジング,4571573360014,マイルドクレンジングオイル,,784
化粧品,クレンジング,4582305067842,ルルルン　クレンジングバーム(アロマタイプ)　75g,,1936
化粧品,クレンジング,4971710399530,ｿﾌﾃｨﾓｸﾘｱﾌﾟﾛｸﾚﾝｼﾞﾝｸﾞﾊﾞｰﾑ エステピーリング　90g,,1408
化粧品,クレンジング,4971710398762,ｿﾌﾃｨﾓｸﾘｱﾌﾟﾛｸﾚﾝｼﾞﾝｸﾞﾊﾞｰﾑ ディープクリア　90g,,1408
化粧品,クレンジング,4971710397185,ソフティモ クリアプロ クレンジングバーム ホワイト　90g,,1408
化粧品,クレンジング,4971710252835,アンテリージェ EX ピュア クレンジングオイル 150ml,,1584
化粧品,クレンジング,4971710282719,アンテリージェEX　クレイWクレンズ　230g,,3024
化粧品,クレンジング,4971710286144,【医薬部外品】フォルミュール　アクネオ　薬用　クレンジング　リキッド 120ml,,1760
化粧品,クレンジング,4901301236203,キュレル　ジェルメイク落とし　130g,,864
化粧品,クレンジング,4901301346995,キュレル　オイルメイク落とし　150ml,,1296
化粧品,パック・マスク,4580173961293,アクネスラボ集中ケアシート 15枚×2,,397
化粧品,パック・マスク,4573350881163,ｱﾝﾚｰﾍﾞﾙﾗﾎﾞﾚﾁﾉｰﾙ 50ml,,1408
化粧品,パック・マスク,4589750491475,ｵﾙﾌｪｽﾋﾞｭｰﾃｨﾊﾞﾝｸﾓｲｽﾄﾁｬｰｼﾞ 10枚,,1408
化粧品,パック・マスク,4589750491482,ｵﾙﾌｪｽﾋﾞｭｰﾃｨﾊﾞﾝｸﾎﾜｲﾄﾁｬｰｼﾞ 10枚,,1408
化粧品,パック・マスク,4589780050062,メディヒール NAA(N.M.Fアクア)　3枚,,798
化粧品,パック・マスク,4589780050109,メディヒール TCS(ティーツリーケアソリューション)　3枚,,798
化粧品,パック・マスク,8806173470938,ｸﾞﾘｰﾝﾀﾞｰﾏCICAﾋﾞｯｸﾄﾅｰ 500ml,,1760
化粧品,パック・マスク,8806173470952,ｸﾞﾘｰﾝﾀﾞｰﾏCICAﾃﾞｲﾘｰｼｰﾄﾏｽｸ 30枚,,1904
化粧品,パック・マスク,4987107616647,【化粧品】ミノン アミノモイスト ぷるぷるしっとり肌マスク　4枚,,1056
化粧品,パック・マスク,4987107623423,【医薬部外品】ミノン アミノモイスト うるうる美白ミルクマスク　4枚,,1320
化粧品,パック・マスク,4987107628985,ﾐﾉﾝもちもち艶肌ﾏｽｸ,,1320
化粧品,パック・マスク,4987107629906,ﾐﾉﾝｱﾐﾉﾓｲｽﾄｽﾍﾞｽﾍﾞｼｯﾄﾘﾊﾀﾞﾏｽｸ,,1056
化粧品,パック・マスク,4901301395092,ｷｭﾚﾙ潤浸保湿ﾓｲｽﾄﾘﾍﾟｱｼｰﾄﾏｽｸ,,1320
化粧品,パック・マスク,4971710286403,ｱﾝﾃﾘｰｼﾞｪEXﾃﾞｲﾘｰﾌﾟﾚﾐｱﾑﾏｽｸ,店頭在庫限り,398
化粧品,日焼け止め,4971710261424,アンテリージェEX　薬用デイプロテクトエッセンスUV　35g【医薬部外品】,,2384
化粧品,日焼け止め,4971710287394,アンテリージェ　　EX　　サンプロテクト　　UVジェル　　ウオータープルーフ　90g,,1584
化粧品,日焼け止め,4971710294200,ｱﾝﾃﾘｰｼﾞｪEXｻﾝﾌﾟﾛﾃｸﾀｰWPSP,,1584
化粧品,日焼け止め,4971710294217,ｱﾝﾃﾘｰｼﾞｪEXﾃﾞｲﾌﾟﾛﾃｸﾄｴｯｾﾝｽBC,,2784
化粧品,日焼け止め,4901301274342,キュレル　UVクリームSPF30　30g,,1320
化粧品,日焼け止め,4901301274434,キュレル　UVローション　SPF50+　60ml,,1320
化粧品,日焼け止め,4901301333384,キュレル　UVエッセンス　SPF30　50g,,1320
化粧品,日焼け止め,4971710272260,アンテリージェEX サンプロテクターWP EX,店頭在庫限り,1424
化粧品,男性化粧品,4573164184788,男革命　CICAｸﾘｱﾊﾟｯﾁ 36枚,,880
化粧品,男性化粧品,4580168652298,ｽｶﾙﾌﾟDNEXTｼｬﾝﾌﾟｰｵｲﾘｰ替 300ml,,1320
化粧品,男性化粧品,4580168652304,ｽｶﾙﾌﾟDNEXTｺﾝﾃﾞｨｼｮﾅｰ替 300ml,,1320
化粧品,男性化粧品,4580168652830,ｽｶﾙﾌﾟDNEXTｼｬﾝﾌﾟｰｵｲﾘｰ 350ml,,1588
化粧品,男性化粧品,4580168652847,ｽｶﾙﾌﾟDNEXTｼｬﾝﾌﾟｰﾄﾞﾗｲ 350ml,,1588
化粧品,男性化粧品,4580168652854,ｽｶﾙﾌﾟDNEXTｺﾝﾃﾞｨｼｮﾅｰ 350ml,,1588
化粧品,男性化粧品,4580168652861,ｽｶﾙﾌﾟDNEXTｼﾞｪｯﾄ 180ml,,1588
化粧品,男性化粧品,4530107941518,ｵｰｼｬﾝﾄﾘｺ ﾍｱﾜｯｸｽ OVER DRIVE,,1320
化粧品,男性化粧品,4530107941525,ｵｰｼｬﾝﾄﾘｺ ﾍｱﾜｯｸｽ CLAY,,1320
化粧品,男性化粧品,4530107941532,ｵｰｼｬﾝﾄﾘｺ ﾍｱﾜｯｸｽ EDGE,,1320
化粧品,男性化粧品,4530107941549,ｵｰｼｬﾝﾄﾘｺ ﾍｱﾜｯｸｽ AIR,,1320
化粧品,男性化粧品,4530107941556,ｵｰｼｬﾝﾄﾘｺ ﾍｱﾜｯｸｽ NATURAL,,1320
化粧品,男性化粧品,4530107941624,ｵｰｼｬﾝﾄﾘｺ ﾍｱﾜｯｸｽSHINE OVER,,1320
化粧品,男性化粧品,4530107941846,ｵｰｼｬﾝﾄﾘｺ ﾍｱﾜｯｸｽ ｼﾞｪｯﾄ,,1320
化粧品,男性化粧品,4994416036660,StandarDay　メンズボディシート　やわらかタイプ　30枚,,238
化粧品,男性化粧品,4994416036998,StandarDay　メンズボディシート　32枚,,238
化粧品,男性化粧品,4994416037001,StandarDay　メンズフェイスシート　42枚,,238
化粧品,男性化粧品,4901417601711,FUNDAY ﾓｲｽﾄｼｪｰﾌﾞ&ｳｫｯｼｭ,,478
化粧品,男性化粧品,4901417601728,FUNDAY ﾓｲｽﾄﾜﾝｽﾃｯﾌﾟｼﾞｪﾙ,,704
化粧品,男性化粧品,4901417668028,メンズ スーナマルチヘアウォーター　420ml,,238
化粧品,男性化粧品,4936201106424,柑橘王子ﾌｪｲｼｬﾙﾋﾟｰﾘﾝｸﾞｼﾞｪﾙSP 230ml,,1126
化粧品,男性化粧品,4987035509011,UL・OS 薬用スキンウォッシュポンプ,,968
化粧品,男性化粧品,4987035509110,UL・OS 薬用スキンウォッシュ詰替,,748
化粧品,男性化粧品,4987035520115,UL・OS 薬用スカルプシャンプー 詰替,,1584
化粧品,男性化粧品,4987035520214,UL・OS 薬用スカルプシャンプー ポンプ,,2112
化粧品,男性化粧品,4904722090003,ジェ・ラン　ザ・ローション 300ml,,792
化粧品,男性化粧品,4582469491705,MARO3Dボリュームシャンプー本体460ml,,1320
化粧品,男性化粧品,4582469491712,MARO　3DボリュームアップシャンプーEX詰替,,880
化粧品,男性化粧品,4582469493013,MARO17　スカルプコラーゲンシャンプー　350ml,,1742
化粧品,男性化粧品,4582469493020,MARO17コラーゲンスカルプコンディショナー350ml,,1742
化粧品,男性化粧品,4582469493419,MARO17スカルプコラーゲンシャンプー替300ml,,1302
化粧品,男性化粧品,4582469493617,MARO17ﾌﾞﾗｯｸﾌﾟﾗｽｼｬﾝﾌﾟｰ 350ml,,1742
化粧品,男性化粧品,4902806108316,StandarDay　シェービングフォーム 200g,,238
化粧品,男性化粧品,4994416036295,メンズフェイスシートN,店頭在庫限り,238
化粧品,リップクリーム,4570091910015,銀座化粧堂　ファーメント　リップセラム 6ml,,686
化粧品,リップクリーム,4901301251589,キュレル　リップケアクリーム　4.2g,,748
化粧品,リップクリーム,4901301306418,キュレル　リップケアクリーム　ほんのり色づくタイプ 4.2g,,748
化粧品,ハンドクリーム,4987241163663,メンソレータム　ハンドベールタイムエナジー,,1264
化粧品,ハンドクリーム,4901301336262,キュレル　ハンドクリーム　50g,,880
化粧品,ハンドクリーム,4987302820030,リッチスキン　ナイトリバイタライズ　ハンドクリーム　100g,店頭在庫限り,784
化粧品,ハンドクリーム,4589637350031,リッチスキン　ナイトリバイタライズ　ハンドクリーム　100g,店頭在庫限り,784
化粧品,ボディクリーム・ミルク,4903301327233,ﾌｪﾙｾﾞｱﾌﾟﾚﾐｱﾑ 薬用 泡の化粧水,,1344
化粧品,ボディクリーム・ミルク,4903301327240,ﾌｪﾙｾﾞｱﾌﾟﾚﾐｱﾑ HPｸﾘｰﾑ 30g,,1024
化粧品,ボディクリーム・ミルク,4903301327264,ﾌｪﾙｾﾞｱﾌﾟﾚﾐｱﾑ HPﾊﾞｰﾑ 10g,,784
化粧品,ボディクリーム・ミルク,4987286417530,純ワセリン,,638
化粧品,ボディクリーム・ミルク,4901301306128,キュレル頭皮保湿ローション　120ml,,1144
化粧品,ボディクリーム・ミルク,4901301321091,キュレル　ジェルローション　220ml,,1144
化粧品,ボディクリーム・ミルク,4901301321107,キュレル　ローション　ポンプ　410ml,,2024
化粧品,ボディクリーム・ミルク,4901301349583,【医薬部外品】キュレル モイスチャーバーム　70g　 [ジャー],,1584
化粧品,ボディクリーム・ミルク,4901301364869,【医薬部外品】キュレル　リップケアバーム　4.2g,,1056
化粧品,ボディクリーム・ミルク,4901301367938,【医薬部外品】キュレル　シャンプー　つめかえ用　340ml,,616
化粧品,ボディクリーム・ミルク,4901301367945,【医薬部外品】キュレル　コンディショナー　つめかえ用　340ml,,616
化粧品,ボディクリーム・ミルク,4901872459735,ボディーナビゲート,店頭在庫限り,398
化粧品,ヘアスタイリング,4589637350048,リッチスキン ヘアオイル,店頭在庫限り,784
化粧品,ヘアスタイリング,4582521680450,ﾎﾞﾀﾆｽﾄｽﾀｲﾘﾝｸﾞｸﾘｰﾑﾅﾁｭﾗﾙﾌﾛｳ 90g,,1214
化粧品,ヘアスタイリング,4582521680467,ﾎﾞﾀﾆｽﾄｽﾀｲﾘﾝｸﾞｸﾘｰﾑｽﾘｰｸﾌﾛｳ 90g,,1214
化粧品,ヘアスタイリング,4582521680474,ﾎﾞﾀﾆｽﾄｽﾀｲﾘﾝｸﾞﾜｯｸｽｴｱﾘｰﾑｰﾌﾞ 75g,,1214
化粧品,ヘアスタイリング,4582521680481,ﾎﾞﾀﾆｽﾄｽﾀｲﾘﾝｸﾞﾜｯｸｽﾌﾚｷｼﾌﾞﾙﾑｰﾌﾞ 75g,,1214
化粧品,ヘアスタイリング,4589622170620,ケラチナムサーティーントリートメントローション 150ml,,1100
化粧品,ヘアスタイリング,4535304706366,JB ﾄﾘｰﾄﾒﾝﾄﾊﾞｰﾑ 50g,,1760
化粧品,ヘアスタイリング,4901417668011,スーナ　マルチヘアウォーター 420ml,,278
化粧品,ヘアスタイリング,4936201104024,エアリー&イージー　グロッシーヘアワックス　100g,,1036
化粧品,ヘアスタイリング,4936201104031,エアリー&イージー　グロッシーヘアジェル　100g,,1036
化粧品,ヘアスタイリング,4936201104574,エアリー&イージー　グロッシーヘアミルクジェリー　100g,,1036
化粧品,ヘアスタイリング,4936201105786,エアリー&イージーグロッシーオイルフォーム　100g,,1320
化粧品,ヘアスタイリング,4936201106479,ｴｽﾌﾘｰ薬用ﾍｯﾄﾞｽﾊﾟｾﾗﾑ 100ml,,1438
化粧品,ヘアスタイリング,4936201106486,ｴｽﾌﾘｰﾀﾗｿﾍｯﾄﾞｽﾊﾟﾏｽｸ 230g,,1198
化粧品,ヘアスタイリング,4902150691106,リッチスタイルヘアオイル,,784
化粧品,ヘアスタイリング,4582267399746,ボタニストヘアバーム,,1320
化粧品,ヘアスタイリング,4971710290356,スティーブンノル ハイドロリニューミスト スムースリペア  250mL,,1144
化粧品,ヘアスタイリング,4971710290363,スティーブンノル ハイドロリニューミスト スムースリペア (詰替え用)  230mL,,880
化粧品,ヘアスタイリング,4971710290370,スティーブンノル ハイドロリニューミスト モイスチュアリペア  250mL,,1144
化粧品,ヘアスタイリング,4971710290387,スティーブンノル ハイドロリニューミスト モイスチュアリペア (詰替え用)  230mL,,880
化粧品,シャンプー・トリートメント,4562465441997,ﾎﾞﾀﾆｽﾄ ﾎﾞﾀﾆｶﾙ ﾍｱﾏｽｸ ﾓｲｽﾄ,,1496
化粧品,シャンプー・トリートメント,4562465442000,ﾎﾞﾀﾆｽﾄ ﾎﾞﾀﾆｶﾙ ﾍｱﾏｽｸ ｽﾑｰｽ,,1496
化粧品,シャンプー・トリートメント,4562465442017,ﾎﾞﾀﾆｽﾄ ﾎﾞﾀﾆｶﾙ ﾍｱﾏｽｸ ﾀﾞﾒｰｼﾞ,,1496
化粧品,シャンプー・トリートメント,4582521680672,ﾎﾞﾀﾆｽﾄ ﾎﾞﾀﾆｶﾙ ｼｬﾝﾌﾟｰ ﾓｲｽﾄ,,1232
化粧品,シャンプー・トリートメント,4582521680689,ﾎﾞﾀﾆｽﾄ ﾎﾞﾀﾆｶﾙ ﾄﾘｰﾄﾒﾝﾄ ﾓｲｽﾄ,,1232
化粧品,シャンプー・トリートメント,4582521680696,ﾎﾞﾀﾆｽﾄ ﾎﾞﾀﾆｶﾙｼｬﾝﾌﾟｰ ｽﾑｰｽ,,1232
化粧品,シャンプー・トリートメント,4582521680702,ﾎﾞﾀﾆｽﾄ ﾎﾞﾀﾆｶﾙﾄﾘｰﾄﾒﾝﾄ ｽﾑｰｽ,,1232
化粧品,シャンプー・トリートメント,4582521680719,ﾎﾞﾀﾆｽﾄ ﾎﾞﾀﾆｶﾙｼｬﾝﾌﾟｰ ﾀﾞﾒｰｼﾞ,,1232
化粧品,シャンプー・トリートメント,4582521680726,ﾎﾞﾀﾆｽﾄ ﾎﾞﾀﾆｶﾙﾄﾘｰﾄﾒﾝﾄ ﾀﾞﾒｰｼﾞ,,1232
化粧品,シャンプー・トリートメント,4582521680733,ﾎﾞﾀﾆｽﾄ ﾎﾞﾀﾆｶﾙｼｬﾝﾌﾟｰ ｽｶﾙﾌﾟ,,1232
化粧品,シャンプー・トリートメント,4582521680740,ﾎﾞﾀﾆｽﾄ ﾎﾞﾀﾆｶﾙﾄﾘｰﾄﾒﾝﾄ ｽｶﾙﾌﾟ,,1232
化粧品,シャンプー・トリートメント,4582521680757,ﾎﾞﾀﾆｽﾄ ﾎﾞﾀﾆｶﾙｼｬﾝﾌﾟｰ ﾊﾞｳﾝｼｰ,,1232
化粧品,シャンプー・トリートメント,4582521680764,ﾎﾞﾀﾆｽﾄ ﾎﾞﾀﾆｶﾙﾄﾘｰﾄﾒﾝﾄ ﾊﾞｳﾝｼｰ,,1232
化粧品,シャンプー・トリートメント,4582521680771,ﾎﾞﾀﾆｽﾄ ﾎﾞﾀﾆｶﾙｼｬﾝﾌﾟｰ ﾓｲｽﾄ,,1056
化粧品,シャンプー・トリートメント,4582521680788,ﾎﾞﾀﾆｽﾄ ﾎﾞﾀﾆｶﾙﾄﾘｰﾄﾒﾝﾄ ﾓｲｽﾄ,,1056
化粧品,シャンプー・トリートメント,4582521680795,ﾎﾞﾀﾆｽﾄ ﾎﾞﾀﾆｶﾙｼｬﾝﾌﾟｰ ｽﾑｰｽ,,1056
化粧品,シャンプー・トリートメント,4582521680801,ﾎﾞﾀﾆｽﾄ ﾎﾞﾀﾆｶﾙﾄﾘｰﾄﾒﾝﾄ ｽﾑｰｽ,,1056
化粧品,シャンプー・トリートメント,4582521680818,ﾎﾞﾀﾆｽﾄ ﾎﾞﾀﾆｶﾙｼｬﾝﾌﾟｰ ﾀﾞﾒｰｼﾞ,,1056
化粧品,シャンプー・トリートメント,4582521680825,ﾎﾞﾀﾆｽﾄ ﾎﾞﾀﾆｶﾙﾄﾘｰﾄﾒﾝﾄ ﾀﾞﾒｰｼﾞ,,1056
化粧品,シャンプー・トリートメント,4582521680832,ﾎﾞﾀﾆｽﾄ ﾎﾞﾀﾆｶﾙｼｬﾝﾌﾟｰ ｽｶﾙﾌﾟ,,1056
化粧品,シャンプー・トリートメント,4582521680849,ﾎﾞﾀﾆｽﾄ ﾎﾞﾀﾆｶﾙﾄﾘｰﾄﾒﾝﾄ ｽｶﾙﾌﾟ,,1056
化粧品,シャンプー・トリートメント,4582521680856,ﾎﾞﾀﾆｽﾄ ﾎﾞﾀﾆｶﾙｼｬﾝﾌﾟｰ ﾊﾞｳﾝｼｰ,,1056
化粧品,シャンプー・トリートメント,4582521680863,ﾎﾞﾀﾆｽﾄ ﾎﾞﾀﾆｶﾙﾄﾘｰﾄﾒﾝﾄ ﾊﾞｳﾝｼｰ,,1056
化粧品,シャンプー・トリートメント,4971710277319,スティーブンノル モイスチュアコントロール シャンプー 500mL,,1382
化粧品,シャンプー・トリートメント,4971710277326,スティーブンノル モイスチュアコントロール シャンプー (詰替え用) 400mL,,1080
化粧品,シャンプー・トリートメント,4971710277333,スティーブンノル モイスチュアコントロール コンディショナー 500mL,,1382
化粧品,シャンプー・トリートメント,4971710277340,スティーブンノル モイスチュアコントロール コンディショナー (詰替え用) 400mL,,1080
化粧品,シャンプー・トリートメント,4971710277357,スティーブンノル モイスチュアコントロール ヘアパック 220g,,1080
化粧品,シャンプー・トリートメント,4971710277418,スティーブンノル カラーコントロール シャンプー 500mL,,1382
化粧品,シャンプー・トリートメント,4971710277425,スティーブンノル カラーコントロール コンディショナー 500mL,,1382
化粧品,シャンプー・トリートメント,4971710277432,スティーブンノル カラーコントロール ヘアパック 220g,,1080
化粧品,シャンプー・トリートメント,4971710277463,スティーブンノル カラーコントロール シャンプー (詰替え用) 400mL,,1080
化粧品,シャンプー・トリートメント,4971710277470,スティーブンノル カラーコントロール コンディショナー (詰替え用) 400mL,,1080
化粧品,シャンプー・トリートメント,4971710287219,スティーブンノル ドライ シャンプー N 80g,,1037
化粧品,シャンプー・トリートメント,4987241137879,メディクイックH 頭皮のメディカルシャンプー つめかえ用,,1264
化粧品,シャンプー・トリートメント,4987241150786,メディクイックH 頭皮のメディカルシャンプー ポンプ,,1584
化粧品,シャンプー・トリートメント,4987241155699,メディクイックH 頭皮しっとりローション,,864
化粧品,シャンプー・トリートメント,4987107617361,ミノン 薬用ヘアシャンプー　450mL,,1232
化粧品,シャンプー・トリートメント,4987107617378,ミノン 薬用ヘアシャンプー　詰替用　380mL,,792
化粧品,シャンプー・トリートメント,4987107631060,ミノン　薬用ﾍｱｺﾝﾃﾞｨｼｮﾅｰ450ml,,1232
化粧品,シャンプー・トリートメント,4987107631077,ミノン　薬用ﾍｱｺﾝﾃﾞｨｼｮﾅｰ詰替380ml,,792
化粧品,シャンプー・トリートメント,4582267396691,ﾎﾞﾀﾆｽﾄ ﾎﾞﾀﾆｶﾙ ﾍｱｵｲﾙ ﾘｯﾁﾓｲｽﾄ,,1496
化粧品,シャンプー・トリートメント,4582267396707,ﾎﾞﾀﾆｽﾄ ﾎﾞﾀﾆｶﾙ ﾍｱｵｲﾙ ｴｱﾘｰｽﾑｰｽ,,1496
化粧品,シャンプー・トリートメント,4582267399715,ﾎﾞﾀﾆｽﾄ ﾎﾞﾀﾆｶﾙﾍｱｵｲﾙ,,1496
化粧品,シャンプー・トリートメント,4971710290417,スティーブンノル モイスチュアソフニング エマルジョン N  100mL,,1056
化粧品,シャンプー・トリートメント,4901301276070,キュレルシャンプー　ポンプ　420ml,,880
化粧品,シャンプー・トリートメント,4901301276100,キュレル　コンディショナー　ポンプ　420ml,,880
化粧品,シャンプー・トリートメント,4901301383013,ｷｭﾚﾙ泡ｼｬﾝﾌﾟｰ本体,,1232
化粧品,シャンプー・トリートメント,4901301383303,ｷｭﾚﾙ泡ｼｬﾝﾌﾟｰつめかえ,,853
化粧品,ボディソープ,4971883600020,薬用スキンクリア　本体280ml【指定医薬部外品】,,784
化粧品,ボディソープ,4971883600044,薬用スキンクリア　つめ替え用　260ml【指定医薬部外品】,,638
化粧品,ボディソープ,4971883600051,薬用 泡スキンクリア　本体450ml【指定医薬 部外品】,,1024
化粧品,ボディソープ,4971883600068,薬用 泡スキンクリア　詰替360ml【指定医薬 部外品】,,784
化粧品,ボディソープ,4987107615923,【医薬部外品】ミノン全身シャンプー しっとりタイプ　450mL,,1264
化粧品,ボディソープ,4987107615930,【医薬部外品】ミノン全身シャンプー しっとりタイプ　詰替用380mL,,704
化粧品,ボディソープ,4987107622440,【医薬部外品】ミノン全身シャンプー さらっとタイプ　450mL,,1264
化粧品,ボディソープ,4987107622457,【医薬部外品】ミノン全身シャンプー さらっとタイプ詰替用　380mL,,704
化粧品,ボディソープ,4987107622488,【医薬部外品】ミノン全身シャンプー 泡タイプ　500mL,店頭在庫限り,1264
化粧品,ボディソープ,4987107622495,【医薬部外品】ミノン全身シャンプー 泡タイプ　詰替用400mL,,704
化粧品,ボディソープ,4901301289377,キュレル　泡ボディウォッシュ　ポンプ本体　480ml,,1056
化粧品,ボディソープ,4901301367921,【医薬部外品】キュレル　ボディウォッシュ　つめかえ用　340ml,,616
化粧品,ボディソープ,4971883600075,薬用スキンクリア 詰替 大容量,店頭在庫限り,1198
化粧品,ボディソープ,4971883600082,薬用泡スキンクリア　つめ替え用大容量720ml,店頭在庫限り,1504
化粧品,石鹸・ハンドソープ,4901301257642,キュレル　泡ハンドウォッシュ　ポンプ　230ml,,369
化粧品,石鹸・ハンドソープ,4901301257659,キュレル　泡ハンドウォッシュ　つめかえ用　450ml,,510
化粧品,入浴剤,4901080689610,温泡　生薬和漢　ゆず　12錠,,558
化粧品,入浴剤,4901080689719,温泡　生薬和漢　森　12錠,,558
化粧品,入浴剤,4901080555212,温素琥珀の湯,,784
化粧品,入浴剤,4901080555311,温素白華の湯,,784
化粧品,入浴剤,4901080555618,温素琥珀の湯&白華の湯,,398
化粧品,入浴剤,4987415122007,ﾓｲｯｼｭ薬用ｽｷﾝｹｱ入浴液,,1024
化粧品,入浴剤,4987415122014,ﾓｲｯｼｭ薬用ｽｷﾝｹｱ入浴液,,784
化粧品,入浴剤,4987107622532,【医薬部外品】ミノン薬用保湿入浴剤　480mL,,1264
化粧品,入浴剤,4987107622549,【医薬部外品】ミノン薬用保湿入浴剤詰替用　400mL,,704
化粧品,入浴剤,4901301281357,キュレル　入浴剤　本体　420ml,,880
化粧品,入浴剤,4901301281364,キュレル　入浴剤　つめかえ用　360ml,,653
化粧品,入浴剤,4987415063607,【医薬部外品】フェルゼア薬用 スキンケア入浴液　本体 600ml,店頭在庫限り,1024
化粧品,入浴剤,4987415063614,【医薬部外品】フェルゼア薬用スキンケア入浴液　詰替え500ml,店頭在庫限り,784
化粧品,入浴剤,4994416036738,Standardayメンズボディシート,店頭在庫限り,206
化粧品,フットケア,4961928613634,ソルボヘルシーフルインソールタイプ　グレーSサイズ,,1264
化粧品,フットケア,4961928613641,ソルボヘルシーフルインソールタイプ　グレーMサイズ,,1264
化粧品,フットケア,4961928613658,ソルボヘルシーフルインソールタイプ　グレーLサイズ,,1264
化粧品,フットケア,4961928613665,ソルボヘルシーフルインソールタイプ　ｸﾞﾚｰ2Lサイズ,,1264
化粧品,フットケア,4961928614600,ソルボライト 2Sサイズ(22cm〜23cm),,1024
化粧品,フットケア,4961928614617,ソルボライト　Sサイズ(23.5cm〜24.5cm),,1024
化粧品,フットケア,4961928614624,ソルボライト　Mサイズ(25センチ〜26センチ),,1024
化粧品,フットケア,4961928614631,ソルボライト　Lサイズ(26.5cm〜27.5cm),,1024
化粧品,フットケア,4961928614648,ソルボライト　2Lサイズ,,1104
化粧品,フットケア,4580215004339,一般医療機器　巻き爪ワイヤーガード,,1184
化粧品,フットケア,4987475118439,快足休行Neo 24枚,,398
化粧品,フットケア,4901301376954,めぐりｽﾞﾑ炭酸でやわらか足ｼｰﾄ,,478
化粧品,フットケア,4901301376961,めぐりｽﾞﾑ蒸気じんわり足ｼｰﾄ,,478
化粧品,フットケア,4961928630785,ソルボ　外反母趾サポーター　薄型　　M　左,,1438
化粧品,フットケア,4961928630792,ソルボ　外反母趾サポーター　薄型　　M　右,,1438
化粧品,フットケア,4975974031533,外反母趾内反小趾サポーター　右足用,,1104
化粧品,フットケア,4975974031540,外反母趾内反小趾サポーター　左足用,,1104
化粧品,フットケア,4975974031557,外反母趾サポーター　左右兼用,,1824
化粧品,フットケア,4989933905537,ゲルマ樹液足裏シート　30枚,,1584
化粧品,化粧下地,4901872953929,マキアージュ　ドラマティックライティングベース　25グラム,,2288
化粧品,化粧下地,4901872962457,マキアージュ　ドラマティックスキンセンサーベースEX25ml,,2288
化粧品,化粧下地,4909978103866,ﾏｷｱｰｼﾞｭ  DｽｷﾝｾﾝｻｰﾍﾞｰｽEX UV+　ナチュラル,,2288
化粧品,化粧下地,4909978104146,ﾏｷｱｰｼﾞｭ  DｽｷﾝｾﾝｻｰﾍﾞｰｽEX UV+　トーンアップ,,2288
化粧品,化粧下地,4909978996062,資生堂 マキアージュ ドラマティックスキンセンサーベース　EX　トーンアップ 25mL SPF25 PA+++,,2288
化粧品,化粧下地,4971710278514,ｴｽﾌﾟﾘｰｸ ﾊﾟｰﾌｪｸﾄｷｰﾌﾟﾍﾞｰｽ,,2288
化粧品,化粧下地,4971710290776,エスプリーク ブライトニング プライマー 30g,,2288
化粧品,化粧下地,4971710292961,ｴｽﾌﾟﾘｰｸｴｯｾﾝｽｸﾞﾛｳﾌﾟﾗｲﾏｰ,,2288
化粧品,BB・CCクリーム,4909978122874,ﾏｷｱｰｼﾞｭﾄﾞﾗﾏﾃｨｯｸｶﾊﾞｰｼﾞｪﾘｰBB,,2464
化粧品,BB・CCクリーム,4909978126391,ﾏｷｱｰｼﾞｭﾄﾞﾗﾏﾃｨｯｸｶﾊﾞｰｼﾞｪﾘｰBB,,2464
化粧品,BB・CCクリーム,4971710295641,ｴｽﾌﾟﾘｰｸ ﾒｲｸｸﾘｰﾑ,,2464
化粧品,BB・CCクリーム,4971710263480,アンテリージェEX BBクリーム　01明るめな肌色,,2384
化粧品,BB・CCクリーム,4971710263497,アンテリージェEX　BBクリーム　02標準的な肌色,,2384
化粧品,BB・CCクリーム,4971710251296,フォルミュール  プロテクト  BB  クリーム  マルチブロック 30g,,2160
化粧品,BB・CCクリーム,4971710279528,【医薬部外品】フォルミュール  薬用  アクネケア  BB 30g,,2160
化粧品,ファンデーション,4901872975709,マキアージュ　ドラマティックジェリーコンパクト01(レフィル)14グラム,,2640
化粧品,ファンデーション,4909978103675,ﾏｷｱｰｼﾞｭ ﾄﾞﾗﾏﾃｨｯｸﾊﾟｳﾀﾞﾘｰEX　OC0,,2640
化粧品,ファンデーション,4909978103699,ﾏｷｱｰｼﾞｭ ﾄﾞﾗﾏﾃｨｯｸﾊﾟｳﾀﾞﾘｰEX　OC10,,2640
化粧品,ファンデーション,4909978103743,ﾏｷｱｰｼﾞｭ ﾄﾞﾗﾏﾃｨｯｸﾊﾟｳﾀﾞﾘｰEX　OC20,,2640
化粧品,ファンデーション,4909978103750,ﾏｷｱｰｼﾞｭ ﾄﾞﾗﾏﾃｨｯｸﾊﾟｳﾀﾞﾘｰEX　OC30,,2640
化粧品,ファンデーション,4909978103774,ﾏｷｱｰｼﾞｭ ﾄﾞﾗﾏﾃｨｯｸﾊﾟｳﾀﾞﾘｰEX　BP00,,2640
化粧品,ファンデーション,4909978103798,ﾏｷｱｰｼﾞｭ ﾄﾞﾗﾏﾃｨｯｸﾊﾟｳﾀﾞﾘｰEX　PO10,,2640
化粧品,ファンデーション,4909978103835,ﾏｷｱｰｼﾞｭ ﾄﾞﾗﾏﾃｨｯｸﾊﾟｳﾀﾞﾘｰEX　BO10,,2640
化粧品,ファンデーション,4909978103842,ﾏｷｱｰｼﾞｭ ﾄﾞﾗﾏﾃｨｯｸﾊﾟｳﾀﾞﾘｰEX　BO20,,2640
化粧品,ファンデーション,4909978976804,マキアージュ　ドラマティックフェイスパウダー　10　(レフィル) 8g フォギーピンク SPF18 PA++,,2464
化粧品,ファンデーション,4909978998967,マキアージュ　ドラマティックフェイスパウダー　20　(レフィル) 8g ピュアオークル SPF18 PA++,,2464
化粧品,ファンデーション,4909978998974,マキアージュ　ドラマティックフェイスパウダー　30　(レフィル) 8g スキニーベージュ SPF18 PA++,,2464
化粧品,ファンデーション,4909978983819,資生堂 マキアージュ ドラマティックジェリーリキッド　オークル10 27g SPF28 PA++,店頭在庫限り,2816
化粧品,ファンデーション,4971710293005,ｴｽﾌﾟﾘｰｸSFﾊﾟｸﾄPO205,,2464
化粧品,ファンデーション,4971710293012,ｴｽﾌﾟﾘｰｸSFﾊﾟｸﾄBO305,,2464
化粧品,ファンデーション,4971710293029,ｴｽﾌﾟﾘｰｸSFﾊﾟｸﾄOC410,,2464
化粧品,ファンデーション,4971710293036,ｴｽﾌﾟﾘｰｸSFﾊﾟｸﾄOC415,,2464
化粧品,ファンデーション,4971710293043,ｴｽﾌﾟﾘｰｸSFﾊﾟｸﾄOC405,,2464
化粧品,ファンデーション,4971710293050,ｴｽﾌﾟﾘｰｸSFﾊﾟｸﾄBO310,,2464
化粧品,ファンデーション,4971710293067,ｴｽﾌﾟﾘｰｸSFﾊﾟｸﾄOC400,,2464
化粧品,ファンデーション,4909978983826,資生堂 マキアージュ ドラマティックジェリーリキッド　オークル20 27g SPF28 PA++,店頭在庫限り,2816
化粧品,ファンデーション,4909978983802,資生堂 マキアージュ ドラマティックジェリーリキッド　オークル00 27g SPF28 PA++,店頭在庫限り,2816
化粧品,ファンデーション,4909978983833,資生堂 マキアージュ ドラマティックジェリーリキッド　オークル30 27g SPF28 PA++,店頭在庫限り,2816
化粧品,ファンデーション,4909978983840,資生堂 マキアージュ ドラマティックジェリーリキッド　ベージュオークル10 27g SPF28 PA++,店頭在庫限り,2816
化粧品,ファンデーション,4909978983857,資生堂 マキアージュ ドラマティックジェリーリキッド　ベージュオークル20 27g SPF28 PA++,店頭在庫限り,2816
化粧品,ファンデーション,4909978983864,資生堂 マキアージュ ドラマティックジェリーリキッド　ピンクオークル10 27g SPF28 PA++,店頭在庫限り,2816
化粧品,フェイスパウダー,4971710286137,【医薬部外品】フォルミュール　アクネオ　薬用　スキンケア　パウダー　5g,,2464
化粧品,コンシーラー・ハイライト,4971710292992,ｴｽﾌﾟﾘｰｸﾏﾙﾁｶﾊﾞｰｺﾝｼｰﾗｰ,,2200
化粧品,口紅,4909978127381,ﾏｷｱｰｼﾞｭﾄﾞﾗﾏﾃｨｯｸﾘｯﾌﾟﾃｨﾝﾄRD302 9g,,2024
化粧品,口紅,4909978127398,ﾏｷｱｰｼﾞｭﾄﾞﾗﾏﾃｨｯｸﾘｯﾌﾟﾃｨﾝﾄRS500 9g,,2024
化粧品,口紅,4909978127404,ﾏｷｱｰｼﾞｭﾄﾞﾗﾏﾃｨｯｸﾘｯﾌﾟﾃｨﾝﾄPK301 9g,,2024
化粧品,口紅,4909978127411,ﾏｷｱｰｼﾞｭﾄﾞﾗﾏﾃｨｯｸﾘｯﾌﾟﾃｨﾝﾄBE203 9g,,2024
化粧品,アイメイク,4573210710015,ルドゥーブル　2ml,,1320
化粧品,アイメイク,4580168652908,ｽｶﾙﾌﾟDﾎﾞｰﾃﾋﾟｭｱﾌﾘｰｱｲﾗｯｼｭｾﾗﾑ 6ml,,1410
化粧品,アイメイク,4580168652960,ｽｶﾙﾌﾟDｱｲﾗｯｼｭｾﾗﾑﾌﾟﾚﾐｱﾑ 4ml,,2819
化粧品,アイメイク,4971710511505,ｶｰﾙｷｰﾌﾟﾏｼﾞｯｸ　ｸﾘｱﾌﾞﾗｯｸ 5.5ml,,792
化粧品,メイク道具,4994416036721,アイラッシュカーラーCO,,398
化粧品,メイク道具,4994416036851,ﾌｧﾝﾃﾞｰｼｮﾝｽﾎﾟﾝｼﾞ 6個,,318
化粧品,メイク道具,4994416037131,ソフトスポンジパフ,,478
化粧品,メイク道具,4994416037698,三角型スポンジ 33個,,238
化粧品,メイク道具,4991804930005,Standar Day スポンジ　ハウス型　　33個,,238
化粧品,メイク道具,4987714804628,ふんわりやわらかコットン,,238
化粧品,メイク道具,4973202393002,StandarDay　ふんわりコットンパフ　70枚,,158
化粧品,メイク道具,4987067208401,ドクターネイル　ディープセラム　3.3ml,,2224
化粧品,メイク道具,4582398490497,ﾌｧﾝﾃﾞｰｼｮﾝｽﾎﾟﾝｼﾞ　ﾘｷｯﾄﾞ用,,238
化粧品,メイク道具,4901872962464,MQコンパクトケースND,,880
化粧品,メイク道具,4901872975686,マキアージュ　ケース(ドラマティックジェリーコンパクト用),,880
化粧品,メイク道具,4909978103859,ﾏｷｱｰｼﾞｭ  ｺﾝﾊﾟｸﾄｹｰｽ S,,880
化粧品,メイク道具,4909978976811,マキアージュ　ドラマティックフェイスパウダー用ケース,,880
化粧品,メイク道具,4971710293074,ｴｽﾌﾟﾘｰｸﾊﾟｳﾀﾞｰﾌｧﾝﾃﾞ-ｼｮﾝｹｰｽB,,880
化粧品,メイク道具,4971710293081,ｴｽﾌﾟﾘｰｸﾊﾟｳﾀﾞｰﾌｧﾝﾃﾞ用ｽﾎﾟﾝｼﾞB,,352
化粧品,メイク道具,4901301286505,キュレルBBクリーム　自然な肌色　35g,,1584
化粧品,ヘアアクセサリー・小物,4560495113983,StandarDay　ヘアゴムL黒　8本,,198
化粧品,ヘアアクセサリー・小物,4560495113990,StandarDay　ヘアゴムL茶　8本,,198
化粧品,ヘアアクセサリー・小物,4560495114003,StandarDay　ヘアゴムM黒　8本,,198
化粧品,ヘアアクセサリー・小物,4560495114010,StandarDay　ヘアゴムM茶　8本,,198
化粧品,ヘアアクセサリー・小物,4560495114584,スプリングヘアゴム黒　3本,,198
化粧品,ヘアアクセサリー・小物,4560495114782,前髪クリップ黒　2個,,158
化粧品,ヘアアクセサリー・小物,4560495134346,ｽﾌﾟﾘﾝｸﾞﾍｱｺﾞﾑ ｱｰｽｶﾗｰ 3本,,158
化粧品,ヘアアクセサリー・小物,4560495134360,ｼﾞｬｰｼﾞｰ生地ﾍｱｺﾞﾑ ﾌﾞﾗｯｸ 6本,,158
化粧品,ヘアアクセサリー・小物,4560495134377,ｼﾞｬｰｼﾞｰ生地ﾍｱｺﾞﾑ ﾐｯｸｽ 6本,,158
化粧品,ヘアアクセサリー・小物,736658952940,ｳｴｯﾄﾌﾞﾗｼﾄﾞﾗｲ ﾋﾟﾝｸ ８９ｇ,,1188
化粧品,ヘアアクセサリー・小物,736658953183,ｳｴｯﾄﾌﾞﾗｼ ﾊﾟﾄﾞﾙﾋﾟﾝｸ １３６ｇ,,1188
化粧品,ヘアアクセサリー・小物,736658953817,ｳｴｯﾄﾌﾞﾗｼﾐﾆﾀﾝｸﾞﾗｰ ﾋﾟﾝｸ ６４ｇ,,792
化粧品,ヘアアクセサリー・小物,4562465443595,サロニアスクエアブラシブラック　1個,,2182
化粧品,ヘアアクセサリー・小物,4562465443601,サロニアスクエアブラシホワイト　1個,,2182
化粧品,デオドラント・制汗,4987316060309,テノール液　30ML,,704
化粧品,ネイル,4515061043867,BCL ネイルネイル　スプリットリペアN 6ml,,678
化粧品,ネイル,4515061089223,BCL ネイルネイル　ネイルサポート　Na　6ml,,598
化粧品,ネイル,4987067431908,Dr.Nailデイケアオイル6ml　興和,,784
化粧品,その他の化粧品,8809506809917,メディキューブゼロ毛穴パッド　70枚,,1920
化粧品,その他の化粧品,4543802603285,ファーメント薬用ホワイトエッセンス　500ML,,784
化粧品,その他の化粧品,4543802603315,ファーメント発酵熟成プラセンタ原液　30ML,,944
化粧品,その他の化粧品,4580397170136,オリーブオイル〜さらっと〜,,1584
化粧品,その他の化粧品,4573350880821,アンレーベルオールインワンジェル　500ML,,1302
化粧品,その他の化粧品,4573350881033,アンレーベルラボプラセンタ　50ML,,1232
化粧品,その他の化粧品,4573350881040,アンレーベルラボビタミンC　50ML,,1584
化粧品,その他の化粧品,4901301333131,キュレル　フェイスケアミニセット2　60ml,,820
化粧品,その他の化粧品,4901301333261,キュレル　皮脂トラブルケア　ミニセット　60ml,,836
化粧品,その他の化粧品,4901301743794,キュレル　スキンケアシート　10枚(54ml),店頭在庫限り,264
化粧品,ヘアケア(アウトバス),4971710286311,スティーブンノル モイスチュア ダメージケア オイル 100mL,,1555
化粧品,ヘアケア(アウトバス),4971710286328,スティーブンノル シャイン カラーケア オイル 100mL,,1555
化粧品,ヘアケア(アウトバス),4580341642054,スリーク　シャイニーオイル　50ML,,1320
化粧品,ヘアケア(アウトバス),4580341642061,スリーク　ファイバーオイル　50ML,,1320
化粧品,女性用育毛剤,4987241135110,50の恵 髪ふんわりボリューム育毛剤,,3024
化粧品,男性カミソリ,4891228310776,ﾊｲﾄﾞﾛ5ﾌﾟﾚﾐｱﾑ敏感肌用替刃,,1998
化粧品,男性カミソリ,4891228310783,ﾊｲﾄﾞﾛ5ﾌﾟﾚﾐｱﾑ替刃敏感肌用,,3198
化粧品,男性カミソリ,4903601615399,ハイドロ5プレミアムクラブパック　敏感肌替刃13コ付,,3198
化粧品,男性カミソリ,4210201649779,M-30 ブラウンモバイルシェーブ,,1584
化粧品,男性カミソリ,4987176032355,ｽｷﾝｶﾞｰﾄﾞﾏﾆｭｱﾙ替刃 4個入,,1904
化粧品,男性カミソリ,4987176032362,ｽｷﾝｶﾞｰﾄﾞﾏﾆｭｱﾙ替刃 8個入,,3184
化粧品,男性カミソリ,4987176032379,ｽｷﾝｶﾞｰﾄﾞﾏﾆｭｱﾙﾎﾙﾀﾞｰ 替刃2個付,,1024
化粧品,男性カミソリ,4987176032393,ﾌﾟﾛｸﾞﾗｲﾄﾞﾊﾟﾜｰﾎﾙﾀﾞｰ,,2784
化粧品,男性カミソリ,4987176032423,ﾌﾟﾛｸﾞﾗｲﾄﾞﾊﾟﾜｰ替刃,,2064
化粧品,男性カミソリ,4987176032430,ｼﾞﾚｯﾄﾌﾟﾛｸﾞﾗｲﾄﾞﾊﾟﾜｰ替刃 8個入,,3504
化粧品,男性カミソリ,4987176032478,ｽｷﾝｶﾞｰﾄﾞ ﾊﾟﾜｰﾎﾙﾀﾞｰ 替刃2個付,,1104
化粧品,男性カミソリ,4987176032485,ｽｷﾝｶﾞｰﾄﾞ ﾊﾟﾜｰ替刃 4個入,,1904
化粧品,男性カミソリ,4987176032492,ｽｷﾝｶﾞｰﾄﾞ ﾊﾟﾜｰ替刃 8個入,,3184
化粧品,男性カミソリ,4987176032515,ｽｷﾝｶﾞｰﾄﾞ ﾊﾟﾜｰﾎﾙﾀﾞｰ 替刃6個付,,2784
化粧品,男性カミソリ,4987176032522,ﾌﾟﾛｸﾞﾗｲﾄﾞﾌﾚｯｸｽﾎﾞｰﾙﾊﾟﾜｰﾎﾙﾀﾞｰ,,1344
化粧品,男性カミソリ,4987176032690,ﾌﾟﾛｸﾞﾗｲﾄﾞﾏﾆｭｱﾙ替刃,,1984
化粧品,男性カミソリ,4987176032706,ﾌﾟﾛｸﾞﾗｲﾄﾞﾏﾆｭｱﾙ替刃 8個入,,3424
化粧品,男性カミソリ,4987176032812,ﾌﾟﾛｸﾞﾗｲﾄﾞﾏﾆｭｱﾙﾎﾙﾀﾞｰ,,2624
化粧品,男性カミソリ,4987176032874,ﾌﾟﾛｸﾞﾗｲﾄﾞﾌﾚｯｸｽﾎﾞｰﾙﾏﾆｭｱﾙﾎﾙﾀﾞｰ,,1184
化粧品,男性カミソリ,4987176032904,ｽｷﾝｶﾞｰﾄﾞﾏﾆｭｱﾙﾎﾙﾀﾞｰ 替刃6個付,,2544
化粧品,女性カミソリ,4903601687334,イントゥイション　敏感肌用コンボパック替刃4個付,,1198
化粧品,女性カミソリ,4903601688294,ハイドロシルク敏感肌用クラブパック　,,1358
化粧品,女性カミソリ,4902470464039,ピアニィVIO　デリケートゾーン用1本,,1024
化粧品,男性育毛剤,4548514143913,【医薬部外品】インセント　薬用育毛トニック　バイタルパワー　180g,,478
化粧品,シェービング用品,4530107941716,ｵｰｼｬﾝﾄﾘｺ ﾕﾆﾊﾞｰｻﾙﾊｰﾄﾞｽﾌﾟﾚｰ,,1320
日用品,トイレットペーパー,4902011824896,ｼｬﾜｰﾄｲﾚｯﾄ2倍巻 ﾀﾞﾌﾞﾙ 46m×12ロール,,518
日用品,住宅洗剤,4903301187240,ﾙｯｸお風呂の防ｶﾋﾞくん煙剤　5g×3個パック,,944
日用品,住宅洗剤,4903301221043,ﾙｯｸお風呂の防ｶﾋﾞくん煙剤　せっけん　5g×3個パック,,944
日用品,キッチン用品,4945274082405,マイクロファイバークロス,,238
日用品,キッチン用品,4977227033240,カウンタークロス,,238
日用品,調理器具,4562355181187,抗菌まな板シート,,398
日用品,調理器具,4964080672488,IHﾏｰﾌﾞﾙﾌﾗｲﾊﾟﾝ　20cm,,558
日用品,調理器具,4964080672495,IHﾏｰﾌﾞﾙﾌﾗｲﾊﾟﾝ　26cm,,638
日用品,調理器具,4964080672501,IHﾏｰﾌﾞﾙいため鍋,,798
日用品,調理器具,4964080672518,IHﾏｰﾌﾞﾙ玉子焼き,,558
日用品,調理器具,4964080672525,IHﾀﾞｲﾔﾓﾝﾄﾞｺｰﾄﾌﾗｲﾊﾟﾝ,,1038
日用品,調理器具,4964080672570,IH深型ﾌﾗｲﾊﾟﾝ　24cm,,638
日用品,調理器具,4964080672587,IH深型ﾌﾗｲﾊﾟﾝ　28cm,,798
日用品,行楽用品,4969499844631,エコバック　ねこ,,238
日用品,行楽用品,4969499844655,エコバック　レディースロゴ,,238
日用品,行楽用品,4969499844662,エコバック　北欧,,238
日用品,行楽用品,4969499844686,エコバック　メンズロゴ,,238
日用品,行楽用品,4969499844648,エコバック　ドット,店頭在庫限り,238
日用品,行楽用品,4969499844679,エコバック　チェック,店頭在庫限り,238
日用品,行楽用品,4562126046462,アイスバック,店頭在庫限り,398
日用品,清掃用品,4560302531337,技職人魂ｼﾘｰｽﾞ　風呂職人,,558
日用品,清掃用品,4560302531344,技職人魂ｼﾘｰｽﾞ　油職人,,784
日用品,清掃用品,4560302531351,技職人魂ｼﾘｰｽﾞ　ﾄｲﾚ職人,,718
日用品,清掃用品,4516825005534,超撥水剤　弾き!,,638
日用品,洗濯用品,4964080672600,折りたたみ小物干しハンガー,,318
日用品,洗濯用品,4964080672617,折りたたみ角ハンガー　32ピンチ,,318
日用品,洗濯用品,4964080672624,折りたたみ角ハンガー 44ピンチ,,398
日用品,洗濯用品,4964080672631,ピンチ使い分け角ハンガー,,558
日用品,洗濯用品,4964080672648,パラソルハンガー20本,,318
日用品,風呂用品,4945274090301,ジョイントバスマット ブラウン,,478
日用品,風呂用品,4945274082603,ジョイントバスマット グレー,,478
日用品,風呂用品,4945274001802,サラサラ珪藻土マット　Lサイズ　60×39cm,店頭在庫限り,638
日用品,風呂用品,4945274081101,サラサラ珪藻土マット　Mサイズ　45×35cm,店頭在庫限り,478
日用品,靴下,4550310261760,OHK紳士制菌ｿｯｸｽ　KURO　25-27cm　スニーカー,,238
日用品,靴下,4550310261777,OHK紳士制菌ｿｯｸｽ　KURO　25-27cm　ショート,,238
日用品,靴下,4550310261791,OHK紳士制菌ｿｯｸｽ　KURO　25-27cm　リブクルー,,238
日用品,靴下,4550310261807,OHK紳士制菌ｿｯｸｽ　KURO　25-27cm 五本指ショート,,238
日用品,靴下,4550310261814,OHK紳士制菌ｿｯｸｽ　KURO 25-27cm　五本指ロング,,238
日用品,タオル,4562120550132,ﾌﾟﾚﾐｱﾑﾎﾞﾃﾞｨﾀｵﾙやわらか,,318
日用品,タオル,4562120550149,ﾌﾟﾚﾐｱﾑﾎﾞﾃﾞｨﾀｵﾙふつう,,318
日用品,タオル,4936516994648,ヘアードライタオル　ネイビー,,638
日用品,タオル,4936516994655,ヘアードライタオル　ピンク,,638
日用品,タオル,4936516994662,ヘアードライタオルアイボリー,,638
日用品,タオル,4967440091929,StandarDayインド綿フェイスタオル2枚組オフホワイト,,398
日用品,タオル,4967440091936,StandarDayインド綿フェイスタオル2枚組サックス,,398
日用品,タオル,4967440091943,StandarDayインド綿フェイスタオル2枚組ブラウン,,398
日用品,タオル,4967440091950,StandarDayインド綿フェイスタオル2枚組ベージュ,,398
日用品,タオル,4967440091967,StandarDayインド綿バスタオルオフホワイト,,558
日用品,タオル,4967440091981,StandarDayインド綿バスタオルブラウン,,558
日用品,タオル,4967440091998,StandarDayインド綿無撚糸フェイスタオル2枚組オフホワイト,,558
日用品,タオル,4967440092001,StandarDayインド綿無撚糸フェイスタオル2枚組サックス,,558
日用品,タオル,4967440092018,StandarDayインド綿無撚糸フェイスタオル2枚組ブラウン,,558
日用品,タオル,4967440092025,StandarDayインド綿無撚糸フェイスタオル2枚組ベージュ,,558
日用品,タオル,4967440092032,StandarDayインド綿無撚糸バスタオルオフホワイト,,638
日用品,タオル,4967440092049,StandarDayインド綿無撚糸バスタオルサックス,,638
日用品,タオル,4967440093039,インド綿コンパクト吸水タオル,店頭在庫限り,638
日用品,タオル,4967440093046,インド綿コンパクト吸水タオル,店頭在庫限り,638
日用品,殺虫剤・虫よけ,4987115105676,【防除用医薬部外品】蚊がいなくなるスプレー250回,,784
日用品,殺虫剤・虫よけ,4987115105683,【防除用医薬部外品】蚊がいなくなるスプレー250回エレガントフローラルの香り,,784
日用品,殺虫剤・虫よけ,4987115540927,虫よけキンチョールDF イカリジン15% 200mL,,784
日用品,殺虫剤・虫よけ,4987115540996,虫よけプレシャワーDF イカリジン15% 200mL,,784
日用品,寝具,4589789535621,寝がえりしやすい枕 DX,,4886
日用品,寝具,4589789523932,吸湿発熱なめらか敷きパッド シングルサイズ　ベージュ,店頭在庫限り,1038
日用品,寝具,4589789523949,吸湿発熱なめらか敷きパッド シングルサイズ　ブラウン,店頭在庫限り,1038
日用品,寝具,4589789523956,吸湿発熱なめらか敷きパッド シングルサイズ　ネイビー,店頭在庫限り,1038
日用品,寝具,4589789523963,吸湿発熱なめらか敷きパッド ダブルサイズ　ベージュ,店頭在庫限り,1278
日用品,寝具,4589789523970,吸湿発熱なめらか敷きパッド ダブルサイズ　ブラウン,店頭在庫限り,1278
日用品,寝具,4589789523987,吸湿発熱なめらか敷きパッド ダブルサイズ　ネイビー,店頭在庫限り,1278
日用品,寝具,4589789524083,吸湿発熱&蓄熱布団カバー シングルサイズ　ブラウン,店頭在庫限り,2078
日用品,寝具,4589789524090,吸湿発熱&蓄熱布団カバー シングルサイズ　ネイビー,店頭在庫限り,2078
日用品,寝具,4589789526049,抗菌やわらか敷きパッド シングルサイズ　ベージュ,店頭在庫限り,798
日用品,寝具,4589789526056,抗菌やわらか敷きパッド シングルサイズ　ネイビー,店頭在庫限り,798
日用品,寝具,4589789526063,抗菌やわらか敷きパッド シングルサイズ　ブラウン,店頭在庫限り,798
日用品,寝具,4589789526070,抗菌やわらか敷きパッド ダブルサイズ　ベージュ,店頭在庫限り,1038
日用品,寝具,4589789526087,抗菌やわらか敷きパッド ダブルサイズ　ネイビー,店頭在庫限り,1038
日用品,寝具,4589789526094,抗菌やわらか敷きパッド ダブルサイズ　ブラウン,店頭在庫限り,1038
日用品,寝具,4987973213674,抗菌やわらか敷きパッド S BE　100×200cm,店頭在庫限り,798
日用品,寝具,4987973213698,抗菌やわらか敷きパッド S NV　100×200cm,店頭在庫限り,798
日用品,寝具,4987973213858,抗菌やわらか敷きパッド S BR　100×200cm,店頭在庫限り,798
日用品,寝具,4987973213865,抗菌やわらか敷きパッド W BE　140×200cm,店頭在庫限り,1038
日用品,寝具,4987973213872,抗菌やわらか敷きパッド W NV　140×200cm,店頭在庫限り,1038
日用品,寝具,4987973213889,抗菌やわらか敷きパッド W BR　140×200cm,店頭在庫限り,1038
日用品,寝具,4987973213896,吸湿発熱なめらか敷きﾊﾟｯﾄﾞ S BE　100×200cm,店頭在庫限り,1038
日用品,寝具,4987973213902,吸湿発熱なめらか敷きﾊﾟｯﾄﾞ S NV　100×200cm,店頭在庫限り,1038
日用品,寝具,4987973213919,吸湿発熱なめらか敷きﾊﾟｯﾄﾞ S BR　100×200cm,店頭在庫限り,1038
日用品,寝具,4987973213926,吸湿発熱なめらか敷きﾊﾟｯﾄﾞ W BE　140×200cm,店頭在庫限り,1278
日用品,寝具,4987973213933,吸湿発熱なめらか敷きﾊﾟｯﾄﾞ W NV　140×200cm,店頭在庫限り,1278
日用品,寝具,4987973213940,吸湿発熱なめらか敷きﾊﾟｯﾄﾞ W BR　140×200cm,店頭在庫限り,1278
日用品,寝具,4987973213957,吸湿発熱なめらか枕パッド BE　50×60cm,店頭在庫限り,318
日用品,寝具,4987973213964,吸湿発熱なめらか枕パッド NV　50×60cm,店頭在庫限り,318
日用品,寝具,4987973213971,吸湿発熱なめらか枕パッド BR　50×60cm,店頭在庫限り,318
日用品,男性肌着,4953785900156,FIVEFREEﾎﾞｸｻｰﾚｷﾞｭﾗｰ ブラックM,,478
日用品,男性肌着,4953785900170,FIVEFREEﾎﾞｸｻｰﾚｷﾞｭﾗｰ ブラックLL,,478
日用品,男性肌着,4953785900187,FIVEFREEﾎﾞｸｻｰﾚｷﾞｭﾗｰ ネイビーM,,478
日用品,男性肌着,4953785900200,FIVEFREEﾎﾞｸｻｰﾚｷﾞｭﾗｰ ネイビーLL,,478
日用品,男性肌着,4953785900576,FIVEFREEﾎﾞｸｻｰﾛﾝｸﾞ ブラックM,,478
日用品,男性肌着,4953785900583,FIVEFREEﾎﾞｸｻｰﾛﾝｸﾞ ブラックL,,478
日用品,男性肌着,4953785900590,FIVEFREEﾎﾞｸｻｰﾛﾝｸﾞ ブラックLL,,478
日用品,男性肌着,4953785900606,FIVEFREEﾎﾞｸｻｰﾛﾝｸﾞ ネイビーM,,478
日用品,男性肌着,4953785900613,FIVEFREEﾎﾞｸｻｰﾛﾝｸﾞ ネイビーL,,478
日用品,男性肌着,4953785900163,FIVEFREEﾎﾞｸｻｰﾚｷﾞｭﾗｰ ブラックL,店頭在庫限り,478
日用品,男性肌着,4953785900194,FIVEFREEﾎﾞｸｻｰﾚｷﾞｭﾗｰ ネイビーL,店頭在庫限り,478
日用品,男性肌着,4953785900620,FIVEFREEあったか紳士長袖V首 ホワイトM,店頭在庫限り,638
日用品,男性肌着,4953785900637,FIVEFREEあったか紳士長袖V首 ホワイトL,店頭在庫限り,638
日用品,男性肌着,4953785900644,FIVEFREEあったか紳士長袖V首 ブラックM,店頭在庫限り,638
日用品,男性肌着,4953785900651,FIVEFREEあったか紳士長袖V首 ブラックL,店頭在庫限り,638
日用品,男性肌着,4953785900668,FIVEFREEあったか紳士長袖丸首 ブラックM,店頭在庫限り,638
日用品,男性肌着,4953785900675,FIVEFREEあったか紳士長袖丸首 ブラックL,店頭在庫限り,638
日用品,男性肌着,4953785900682,FIVEFREEあったか紳士長袖丸首 ブラックLL,店頭在庫限り,638
日用品,男性肌着,4953785900699,FIVEFREEあったか紳士半袖丸首 ホワイトM,店頭在庫限り,638
日用品,男性肌着,4953785900705,FIVEFREEあったか紳士半袖丸首 ホワイトL,店頭在庫限り,638
日用品,男性肌着,4953785900729,FIVEFREEあったか紳士長袖丸首 ホワイトM,店頭在庫限り,638
日用品,男性肌着,4953785900736,FIVEFREEあったか紳士長袖丸首 ホワイトL,店頭在庫限り,638
日用品,男性肌着,4953785900750,FIVEFREEあったか紳士ﾀｲﾂ ブラックM,店頭在庫限り,638
日用品,男性肌着,4953785900767,FIVEFREEあったか紳士ﾀｲﾂ ブラックL,店頭在庫限り,638
日用品,男性肌着,4953785900774,FIVEFREEあったか紳士ﾀｲﾂ ブラックLL,店頭在庫限り,638
日用品,男性肌着,4953785900781,FIVEFREE裏起毛紳士長袖V首 ブラックM,店頭在庫限り,798
日用品,男性肌着,4953785900798,FIVEFREE裏起毛紳士長袖V首 ブラックL,店頭在庫限り,798
日用品,男性肌着,4953785900804,FIVEFREE裏起毛紳士長袖V首 ブラックLL,店頭在庫限り,798
日用品,男性肌着,4953785900811,FIVEFREE裏起毛紳士長袖丸首 ブラックM,店頭在庫限り,798
日用品,男性肌着,4953785900828,FIVEFREE裏起毛紳士長袖丸首 ブラックL,店頭在庫限り,798
日用品,男性肌着,4953785900835,FIVEFREE裏起毛紳士長袖丸首 ブラックLL,店頭在庫限り,798
日用品,男性肌着,4953785900842,FIVEFREE裏起毛紳士半袖V首 ホワイトM,店頭在庫限り,798
日用品,男性肌着,4953785900859,FIVEFREE裏起毛紳士半袖V首 ホワイトL,店頭在庫限り,798
日用品,男性肌着,4953785900866,FIVEFREE裏起毛紳士ﾀｲﾂ ブラックM,店頭在庫限り,798
日用品,男性肌着,4953785900873,FIVEFREE裏起毛紳士ﾀｲﾂ ブラックL,店頭在庫限り,798
日用品,男性肌着,4953785900880, FIVEFREE裏起毛紳士ﾀｲﾂ ブラックLL,店頭在庫限り,798
日用品,男性肌着,4953785901184,FIVEFREEあったか紳士長袖V首 ブラックLL,店頭在庫限り,638
日用品,男性肌着,4953785901191,FIVEFREE裏起毛紳士長袖V首 ホワイトM,店頭在庫限り,798
日用品,男性肌着,4953785901207,FIVEFREE裏起毛紳士長袖V首 ホワイトL,店頭在庫限り,798
日用品,男性肌着,4967440095200,紳士発熱綿ベア天　長袖V首 ホワイト　M,店頭在庫限り,638
日用品,男性肌着,4967440095217,紳士発熱綿ベア天　長袖V首 ホワイト　L,店頭在庫限り,638
日用品,男性肌着,4967440095224,紳士発熱綿ベア天　長袖V首 ホワイト　LL,店頭在庫限り,638
日用品,男性肌着,4967440095231,紳士発熱綿ベア天　長袖V首 ブラック　M,店頭在庫限り,638
日用品,男性肌着,4967440095248,紳士発熱綿ベア天　長袖V首 ブラック　L,店頭在庫限り,638
日用品,男性肌着,4967440095255,紳士発熱綿ベア天　長袖丸首 ホワイト　M,店頭在庫限り,638
日用品,男性肌着,4967440095262,紳士発熱綿ベア天　長袖丸首 ホワイト　L,店頭在庫限り,638
日用品,男性肌着,4967440095279,紳士発熱綿ベア天　長袖丸首 ホワイト　LL,店頭在庫限り,638
日用品,男性肌着,4967440095286,紳士発熱綿ベア天　長袖丸首 ブラック　M,店頭在庫限り,638
日用品,男性肌着,4967440095293,紳士発熱綿ベア天　長袖丸首 ブラック　L,店頭在庫限り,638
日用品,男性肌着,4967440095309,紳士発熱綿ベア天　長袖丸首 ブラック　LL,店頭在庫限り,638
日用品,男性肌着,4967440095316,紳士発熱綿ベア天　タイツ ブラック　M,店頭在庫限り,638
日用品,男性肌着,4967440095323,紳士発熱綿ベア天　タイツ ブラック　L,店頭在庫限り,638
日用品,男性肌着,4967440095330,紳士発熱綿ベア天　タイツ ブラック　LL,店頭在庫限り,638
日用品,女性肌着,4967643613843,婦人ﾓｰﾙﾄﾞｶｯﾌﾟｷｬﾐｿｰﾙ ホワイト　M,,638
日用品,女性肌着,4967643613850,婦人ﾓｰﾙﾄﾞｶｯﾌﾟｷｬﾐｿｰﾙ ホワイト　L,,638
日用品,女性肌着,4967643613867,婦人ﾓｰﾙﾄﾞｶｯﾌﾟｷｬﾐｿｰﾙ グレー　M,,638
日用品,女性肌着,4967643613874,婦人ﾓｰﾙﾄﾞｶｯﾌﾟｷｬﾐｿｰﾙ グレー　L,,638
日用品,女性肌着,4967643613881,婦人ﾓｰﾙﾄﾞｶｯﾌﾟｷｬﾐｿｰﾙ ブラック　M,,638
日用品,女性肌着,4967643613898,婦人ﾓｰﾙﾄﾞｶｯﾌﾟｷｬﾐｿｰﾙ ブラック　L,,638
日用品,女性肌着,4967643613904,婦人ﾓｰﾙﾄﾞｶｯﾌﾟｷｬﾐｿｰﾙ ブラック　LL,,638
日用品,女性肌着,4967643613911,婦人ﾓｰﾙﾄﾞｶｯﾌﾟﾀﾝｸﾄｯﾌﾟ ホワイト　M,,638
日用品,女性肌着,4967643613928,婦人ﾓｰﾙﾄﾞｶｯﾌﾟﾀﾝｸﾄｯﾌﾟ ホワイト　L,,638
日用品,女性肌着,4967643613935,婦人ﾓｰﾙﾄﾞｶｯﾌﾟﾀﾝｸﾄｯﾌﾟ グレー　M,,638
日用品,女性肌着,4967643613942,婦人ﾓｰﾙﾄﾞｶｯﾌﾟﾀﾝｸﾄｯﾌﾟ グレー　L,,638
日用品,女性肌着,4967643613959,婦人ﾓｰﾙﾄﾞｶｯﾌﾟﾀﾝｸﾄｯﾌﾟ ブラック　M,,638
日用品,女性肌着,4967643613966,婦人ﾓｰﾙﾄﾞｶｯﾌﾟﾀﾝｸﾄｯﾌﾟ ブラック　L,,638
日用品,女性肌着,4967643613973,婦人ﾓｰﾙﾄﾞｶｯﾌﾟﾀﾝｸﾄｯﾌﾟ ブラック　LL,,638
日用品,女性肌着,4953785900897,FIVEFREEあったか婦人8分袖 モカM,店頭在庫限り,638
日用品,女性肌着,4953785900903,FIVEFREEあったか婦人8分袖 モカL,店頭在庫限り,638
日用品,女性肌着,4953785900910,FIVEFREEあったか婦人8分袖 モカLL,店頭在庫限り,638
日用品,女性肌着,4953785900927,FIVEFREEあったか婦人8分袖 ブラックM,店頭在庫限り,638
日用品,女性肌着,4953785900934,FIVEFREEあったか婦人8分袖 ブラックL,店頭在庫限り,638
日用品,女性肌着,4953785900941,FIVEFREEあったか婦人8分袖 ブラックLL,店頭在庫限り,638
日用品,女性肌着,4953785900958,FIVEFREEあったか婦人8分袖 オフホワイトM,店頭在庫限り,638
日用品,女性肌着,4953785900965,FIVEFREEあったか婦人8分袖 オフホワイトL,店頭在庫限り,638
日用品,女性肌着,4953785900972,FIVEFREEあったか婦人3分袖 ブラックM,店頭在庫限り,638
日用品,女性肌着,4953785900989,FIVEFREEあったか婦人3分袖 ブラックL,店頭在庫限り,638
日用品,女性肌着,4953785900996,FIVEFREEあった婦人10分ﾚｷﾞﾝｽ ブラックM,店頭在庫限り,638
日用品,女性肌着,4953785901009,FIVEFREEあった婦人10分ﾚｷﾞﾝｽ ブラックL,店頭在庫限り,638
日用品,女性肌着,4953785901016,FIVEFREEあった婦人10分ﾚｷﾞﾝｽ ブラックLL,店頭在庫限り,638
日用品,女性肌着,4953785901023,FIVEFREE婦人3分腹巻付ﾚｷﾞﾝｽ ブラックM,店頭在庫限り,638
日用品,女性肌着,4953785901030,FIVEFREE婦人3分腹巻付ﾚｷﾞﾝｽ ブラックL,店頭在庫限り,638
日用品,女性肌着,4953785901047,FIVEFREE婦人10分腹巻付ﾚｷﾞﾝｽ ブラックM,店頭在庫限り,638
日用品,女性肌着,4953785901054,FIVEFREE婦人10分腹巻付ﾚｷﾞﾝｽ ブラックL,店頭在庫限り,638
日用品,女性肌着,4953785901061,FIVEFREE婦人10分腹巻付ﾚｷﾞﾝｽ ブラックLL,店頭在庫限り,638
日用品,女性肌着,4953785901078,FIVEFREEあった裏起毛婦人長袖 モカM,店頭在庫限り,798
日用品,女性肌着,4953785901085,FIVEFREEあった裏起毛婦人長袖 モカL,店頭在庫限り,798
日用品,女性肌着,4953785901092,FIVEFREEあった裏起毛婦人長袖 モカLL,店頭在庫限り,798
日用品,女性肌着,4953785901108,FIVEFREEあった裏起毛婦人長袖 ブラックM,店頭在庫限り,798
日用品,女性肌着,4953785901115,FIVEFREEあった裏起毛婦人長袖 ブラックL,店頭在庫限り,798
日用品,女性肌着,4953785901122,FIVEFREEあった裏起毛婦人長袖 ブラックLL,店頭在庫限り,798
日用品,女性肌着,4953785901139,FIVEFREE裏起毛婦人10分ﾚｷﾞﾝｽ ブラックM,店頭在庫限り,798
日用品,女性肌着,4953785901146,FIVEFREE裏起毛婦人10分ﾚｷﾞﾝｽ ブラックL,店頭在庫限り,798
日用品,女性肌着,4953785901153,FIVEFREE裏起毛婦人10分ﾚｷﾞﾝｽ ブラックLL,店頭在庫限り,798
日用品,女性肌着,4953785901160,FIVEFREEあったか婦人8分袖 オフホワイトLL,店頭在庫限り,638
日用品,女性肌着,4953785901177,FIVEFREEあったか婦人3分袖 ブラックLL,店頭在庫限り,638
日用品,女性肌着,4967440095347,婦人発熱綿ベア天　U首3分袖 ブラック　M,店頭在庫限り,638
日用品,女性肌着,4967440095354,婦人発熱綿ベア天　U首3分袖 ブラック　L,店頭在庫限り,638
日用品,女性肌着,4967440095361,婦人発熱綿ベア天　U首3分袖 ブラック　LL,店頭在庫限り,638
日用品,女性肌着,4967440095378,婦人発熱綿ベア天　U首3分袖 杢グレー　M,店頭在庫限り,638
日用品,女性肌着,4967440095385,婦人発熱綿ベア天　U首3分袖 杢グレー　L,店頭在庫限り,638
日用品,女性肌着,4967440095392,婦人発熱綿ベア天　U首8分袖 ブラック　M,店頭在庫限り,638
日用品,女性肌着,4967440095408,婦人発熱綿ベア天　U首8分袖 ブラック　L,店頭在庫限り,638
日用品,女性肌着,4967440095415,婦人発熱綿ベア天　U首8分袖 ブラック　LL,店頭在庫限り,638
日用品,女性肌着,4967440095422,婦人発熱綿ベア天　U首8分袖 杢グレー　M,店頭在庫限り,638
日用品,女性肌着,4967440095439,婦人発熱綿ベア天　U首8分袖 杢グレー　L,店頭在庫限り,638
日用品,女性肌着,4967440095446,婦人発熱綿ベア天　U首8分袖 杢グレー　LL,店頭在庫限り,638
日用品,女性肌着,4967440095453,婦人発熱綿ベア天　レギンス ブラック　M,店頭在庫限り,638
日用品,女性肌着,4967440095460,婦人発熱綿ベア天　レギンス ブラック　L,店頭在庫限り,638
日用品,女性肌着,4967440095477,婦人発熱綿ベア天　レギンス ブラック　LL,店頭在庫限り,638
日用品,女性肌着,4967440095484,婦人綿100%スムース長袖丸首 ベージュ　M,店頭在庫限り,478
日用品,女性肌着,4967440095491,婦人綿100%スムース長袖丸首 ベージュ　L,店頭在庫限り,478
日用品,女性肌着,4967440095507,婦人綿100%スムース長袖丸首 ピンク　M,店頭在庫限り,478
日用品,女性肌着,4967440095514,婦人綿100%スムース長袖丸首 ピンク　L,店頭在庫限り,478
日用品,女性肌着,4967440095521,婦人綿100%スムース長袖丸首 ブラック　M,店頭在庫限り,478
日用品,女性肌着,4967440095538,婦人綿100%スムース長袖丸首 ブラック　L,店頭在庫限り,478
日用品,女性肌着,4967440095545,婦人綿100%スムースﾛﾝｸﾞﾎﾞﾄﾑ ベージュ　M,店頭在庫限り,478
日用品,女性肌着,4967440095552,婦人綿100%スムースﾛﾝｸﾞﾎﾞﾄﾑ ベージュ　L,店頭在庫限り,478
スープの力,,2090970000016,スープの力　従業員販売用,,33440